elevation,slope,waterDistance,vegetationCoverage,rainfall,duration,rockType,landslide,debris_flow,barrier_lake,torrential_flood,water_logging
1000,24.1,32,55,23,6,0,0,1,1,1,0
804,17.6,14,69,6,5,0,0,0,0,0,0
1871,13.3,329,34,13,4,0,0,1,1,1,0
19.8,11.6,62,55,11,11.6,0,0,0,0,0,0
35.2,24.2,53,35,2,24,0,0,0,0,1,0
2154,4.3,132,69,15,4,0,0,1,0,0,0
28.9,8.7,40,72,24,20.8,0,0,0,0,0,0
21.7,18.8,51,59,33,8.6,0,0,0,0,0,0
23.8,16.7,53,74,34,41.8,0,0,0,1,1,0
1137,24.9,399,45,25,2,0,0,0,0,0,0
43,10.1,61,57,12,18.9,0,0,0,0,1,0
15.2,3.8,30,71,15,28,0,0,0,0,0,0
582,7.6,311,68,11,2,0,0,1,0,0,1
30.6,3.7,64,77,14,29.8,0,0,0,0,0,0
449,18.1,11,33,21,1,0,0,0,0,1,1
20,12.3,68,41,27,24,0,0,0,1,0,0
24.9,17,46,46,21,11.7,0,0,0,0,0,0
2348,22.5,404,37,13,6,0,0,0,0,0,0
469,1.7,152,62,23,2,0,0,1,1,0,0
41.7,8,85,61,40,34,0,0,1,1,0,0
472,14.9,23,47,27,1,0,0,0,0,1,1
44.9,1.8,85,60,2,11.6,0,0,0,1,0,0
41.5,4,40,56,36,33.1,0,0,1,0,0,0
32.6,10.3,47,69,33,8.8,0,0,0,1,0,0
42.7,9.1,64,48,3,9.8,0,0,0,1,1,0
910,13.5,127,53,10,1,0,0,1,1,0,0
1149,9.3,1,60,37,5,0,0,0,0,1,0
30,15.5,40,52,37,16.6,0,0,1,0,0,0
21.5,6,57,66,34,44,0,0,1,0,0,0
2145,23.9,2,39,4,4,0,0,0,0,0,1
972,5.4,117,33,11,2,0,0,0,0,1,0
50,11.3,70,31,11,28.2,0,0,1,0,0,0
20.8,5.6,30,73,21,18.9,0,0,0,0,0,0
33.8,16.7,37,68,8,16,0,0,0,0,0,0
20,9.2,40,79,31,13.7,0,0,1,0,0,0
50,19.6,30,47,28,40,0,0,0,0,0,0
28,0.4,95,59,1,13.3,0,0,1,1,0,0
2285,23.8,1257,48,22,6,0,0,0,0,0,0
26,15.5,73,76,13,13,0,0,0,0,0,0
2292,18.5,184,66,23,4,0,0,1,1,1,0
17.1,23.8,39,39,3,8.8,0,0,0,0,0,0
20,22.5,77,49,10,19.4,0,0,0,0,0,0
42.6,12,70,49,36,14.7,0,0,1,1,0,0
40.7,5.5,65,45,9,52.9,0,0,0,0,1,0
36.4,4.3,88,58,15,14.3,0,0,0,0,0,0
31.9,5,81,53,26,22.4,0,0,0,1,1,0
838,22,469,38,2,6,0,0,0,0,0,0
12.4,5,30,74,11,17.4,0,0,0,1,0,0
39.5,4.7,40,38,26,19.4,0,0,0,1,0,0
2066,17.4,58,66,30,6,0,0,1,0,0,0
20,0.2,94,62,13,22.6,0,0,0,0,0,0
1148,15,326,61,2,6,0,0,1,1,1,0
36.8,15.5,51,59,33,29.3,0,0,0,0,0,0
836,5.9,107,61,11,2,0,0,1,1,0,0
50,7.1,68,62,35,30.4,0,0,1,0,0,0
23.7,6.6,30,72,36,22.3,0,0,0,1,0,0
1735,4.1,130,62,39,6,0,0,1,0,0,0
46.2,18.4,53,70,8,16,0,0,1,1,0,0
1315,11.6,211,52,14,4,0,0,0,0,0,0
21.9,3.3,81,70,16,8.7,0,0,0,0,0,0
43.5,0.3,95,59,27,7.1,0,0,0,0,0,0
31.6,2,62,57,3,16.1,0,0,0,0,0,0
45.4,3,95,42,23,12.8,0,0,0,1,0,0
29.8,11.8,66,51,32,17.8,0,0,0,0,0,0
25.3,2.7,30,62,8,23.1,0,0,1,1,0,0
48.1,12,87,63,14,10.1,0,0,0,1,0,0
35.5,8.2,95,78,18,12.8,0,0,0,0,0,0
972,3.8,73,58,3,2,0,0,1,1,0,0
23.5,14.7,40,79,7,7.5,0,0,0,0,0,0
27.1,20.2,81,55,31,9.6,0,0,0,0,0,0
16.2,2.8,41,61,16,18.8,0,0,0,0,0,0
50,6.8,53,61,18,34.1,0,0,0,0,1,0
22.2,9,88,60,20,11.7,0,0,0,0,0,0
20,9.4,65,50,16,14.4,0,0,0,1,0,0
27.8,22.6,57,61,21,16.7,0,0,1,1,0,0
1716,11.9,8,51,36,3,0,0,0,0,1,0
2152,5.3,458,55,20,6,0,0,0,0,0,0
25.4,2.6,84,52,5,43.5,0,0,0,1,0,0
44.3,9,61,42,24,22.6,0,0,0,0,0,0
41.4,6.7,95,77,40,12.5,0,0,0,0,0,0
33.3,19.4,40,68,7,24.4,0,0,0,0,0,0
959,13.2,321,31,22,1,0,0,1,0,1,0
21.1,13.2,37,73,24,5.6,0,0,0,0,0,0
537,19.1,449,57,17,2,0,0,1,0,0,0
2230,22.4,234,35,8,1,0,0,1,0,0,0
25.5,5.6,51,60,14,14,0,0,0,0,0,0
41.1,20.1,84,62,0,5,0,0,1,1,1,0
27.5,22.2,84,62,9,10,0,0,0,0,0,0
1325,0.5,386,80,23,3,0,0,1,1,1,0
20,24.7,95,49,39,19,0,0,0,0,0,0
1291,11.8,205,69,16,5,0,0,1,0,0,0
16.3,10.6,38,40,23,23.3,0,0,1,0,0,0
997,4,563,47,11,4,0,0,0,0,0,0
18.2,20,48,34,8,23.1,0,0,0,0,0,0
25.2,18.6,83,57,15,25.5,0,0,0,0,0,0
34.6,15,89,69,23,27.6,0,0,0,0,0,0
25.3,15.6,30,33,15,15,0,0,0,0,0,0
46,9,93,53,4,17.9,0,0,0,1,0,0
23.9,17.5,48,71,28,13.3,0,0,0,1,0,0
32.4,12.6,55,80,12,30,0,0,1,1,0,0
21.4,7.4,63,43,25,11.2,0,0,0,0,0,0
971,4.8,367,74,8,3,0,0,1,1,1,0
39.3,18.2,71,46,12,41.7,0,0,0,1,0,0
45.1,9.6,30,43,30,40,0,0,0,0,0,0
44.5,22,51,77,10,42,0,0,0,0,1,0
1811,14.1,108,57,9,3,0,0,1,1,1,0
33.6,14.1,69,36,21,40,0,0,1,0,0,0
1270,13,300,58,29,5,0,0,1,1,1,1
39.8,25,64,33,29,5.7,0,0,0,1,0,0
19.5,4.7,30,67,22,32.7,0,0,0,0,0,0
1354,3,326,71,15,1,0,0,1,1,0,0
34.7,17.8,30,37,11,8.4,0,0,0,1,1,0
37.6,17.9,52,56,36,44,0,0,1,1,0,0
33.3,15.4,95,66,17,5.7,0,0,0,0,0,0
33,22.1,92,69,24,21.1,0,0,0,1,0,0
2224,20.8,76,37,16,3,0,0,1,1,0,0
998,17.5,455,48,32,4,0,0,0,0,1,0
793,22.1,158,50,1,4,0,0,0,0,1,1
41.6,8,66,79,26,13.1,0,0,0,0,0,0
1737,8.6,371,79,24,6,0,0,1,1,1,0
41.3,24.2,68,73,6,24,0,0,1,0,0,0
937,14.4,127,49,18,5,0,0,1,0,0,0
959,3.3,339,54,9,5,0,0,1,0,0,0
20.3,11.6,30,48,40,22,0,0,0,0,0,0
2300,22.5,32,50,18,4,0,0,1,0,0,0
2141,6.4,243,30,33,4,0,0,1,0,1,0
49.1,9.4,54,74,39,33,0,0,0,0,0,0
48.6,2.8,67,40,17,13.5,0,0,0,0,0,0
26.1,6.2,75,61,18,16.9,0,0,0,1,0,0
22.8,18.5,88,43,30,30.3,0,0,0,1,0,0
1762,7.5,73,45,22,4,0,0,1,1,1,0
1669,13.9,407,35,33,6,0,0,1,1,1,0
28.6,13.9,63,62,36,7.4,0,0,1,1,0,0
1952,1.7,319,41,4,4,0,0,1,0,0,0
368,11.3,88,74,14,1,0,0,1,0,1,0
44.9,2.1,94,41,35,15.4,0,0,0,0,0,0
29.1,17.3,53,33,6,40,0,0,0,0,0,0
21.7,6.6,34,68,18,25.3,0,0,1,0,0,0
29.6,21.5,41,63,34,30,0,0,0,0,0,0
23.2,10.7,30,55,33,32,0,0,0,1,0,0
26.3,21,86,64,22,14,0,0,0,0,0,0
1254,22.2,1500,46,22,4,0,0,0,0,0,0
50,15.4,95,39,2,7.4,0,0,1,1,0,0
50,7.3,95,78,3,9,0,0,0,0,0,0
328,6.1,165,43,1,4,0,0,0,0,0,1
42.2,9,40,61,15,19,0,0,0,0,1,0
37.7,7.4,81,36,28,50,0,0,0,0,0,0
1436,5.4,51,41,20,2,0,0,0,0,0,1
364,9,518,58,25,5,0,0,0,0,0,0
907,14.7,141,66,38,6,0,0,0,0,0,0
2390,7.5,312,73,16,3,0,0,1,0,0,0
15.5,11.9,44,35,19,16.8,0,0,1,0,0,0
2144,4.7,17,50,28,4,0,0,0,0,1,0
20.5,9.8,63,39,5,14.8,0,0,0,0,0,0
28,7.6,71,45,15,12.9,0,0,0,0,0,0
27.4,4.1,69,48,29,14.1,0,0,0,0,0,0
36.2,19.2,93,39,18,20,0,0,1,0,0,0
25.3,4.9,40,76,11,33.5,0,0,0,0,0,0
29.1,7.8,67,69,38,31.1,0,0,0,0,0,0
20,9.2,30,34,10,47.2,0,0,0,1,1,0
1509,11.6,319,57,12,2,0,0,1,1,1,0
1987,7,322,46,32,1,0,0,1,1,0,0
2139,15.6,169,64,8,2,0,0,1,0,0,0
2071,8.1,685,75,1,3,0,0,1,0,1,0
34,7.7,86,30,24,45,0,0,0,0,0,0
1199,11.2,121,47,27,3,0,0,1,1,1,1
33.8,2.6,76,53,4,7.2,0,0,0,0,0,0
1270,7.8,487,52,19,2,0,0,0,0,0,0
42.1,14.8,89,80,26,6.9,0,0,1,0,0,0
25.9,15.7,30,53,23,11.5,0,0,0,0,1,0
28.9,0.3,68,47,37,16.1,0,0,1,0,1,0
20,15.3,58,69,20,16.7,0,0,0,0,0,0
829,23.5,424,43,25,5,0,0,1,1,0,0
35.2,1.9,61,47,32,20,0,0,0,0,0,0
857,14.6,201,68,4,1,0,0,0,0,0,0
43.3,3.1,69,55,3,15.4,0,0,1,0,0,0
34.8,18.2,87,55,1,12.6,0,0,0,0,0,0
23.5,6.3,51,47,31,8.5,0,0,0,0,0,0
514,14.5,468,78,28,3,0,0,0,0,0,0
2143,1.5,49,33,35,6,0,0,1,1,1,0
1729,20.7,359,41,13,1,0,0,1,1,0,0
1398,8.8,277,71,35,5,0,0,1,0,0,0
41.5,2.4,79,69,21,24.6,0,0,0,0,0,0
1362,14.4,5,48,15,1,0,0,1,0,1,0
36.3,5.5,61,79,39,80,0,0,0,0,1,0
44.8,19.3,55,54,17,46,0,0,0,0,0,0
19.2,6.9,69,66,39,10.3,0,0,0,0,1,0
1922,8.2,167,32,23,2,0,0,1,1,0,0
1016,5.5,117,42,14,4,0,0,1,1,1,0
39.3,18.5,79,80,19,60,0,0,0,0,0,0
1688,10.2,186,34,22,3,0,0,0,0,1,0
2424,22.4,165,41,7,3,0,0,1,1,0,0
1411,24.7,518,49,38,1,0,0,0,0,0,0
21.6,18,55,49,1,13.8,0,0,1,1,0,0
10.7,13.5,73,38,13,18.5,0,0,0,0,1,0
42.4,3.7,77,57,4,24.8,0,0,0,0,0,0
1933,10,100,56,20,3,0,0,0,0,1,0
47.6,8.2,94,60,1,33.3,0,0,0,0,0,0
29.3,5.9,32,48,26,14,0,0,1,0,0,0
913,18.1,345,31,30,5,0,0,1,1,0,0
23.6,4.5,51,34,22,28.6,0,0,0,0,0,0
2256,23.8,260,58,35,3,0,0,0,0,0,0
31.9,2.5,77,49,13,13.8,0,0,0,1,0,0
846,13.5,110,69,16,2,0,0,1,0,0,0
2266,14.6,458,76,40,3,0,0,1,0,1,0
30.7,7.7,87,59,28,20.7,0,0,0,0,0,0
304,10,54,36,29,3,0,0,1,1,0,0
27.2,1.5,83,49,9,7.3,0,0,0,1,0,0
1699,0.8,12,55,24,6,0,0,1,1,1,0
1135,13.6,3,65,37,4,0,0,0,0,0,0
26.2,3.3,91,52,17,12.6,0,0,0,1,0,0
28.1,14.1,30,45,21,13.5,0,0,0,1,0,0
31,13.2,85,75,23,48,0,0,0,0,0,0
686,3.4,515,73,0,3,0,0,1,1,0,0
1527,20.7,722,40,6,5,0,0,0,0,0,0
1529,6.5,260,77,9,5,0,0,1,0,0,0
10,6,67,43,23,25.9,0,0,0,0,0,0
30.1,10.9,68,40,11,33.3,0,0,0,1,0,0
26.4,2.3,30,71,28,13,0,0,0,0,0,0
37.7,3.4,89,76,21,21.1,0,0,0,0,0,0
22.5,10.7,46,62,18,15.6,0,0,1,1,1,0
37.6,2.9,76,51,14,15.3,0,0,0,1,0,0
40.3,19.1,50,30,13,26.2,0,0,1,1,0,0
29.1,1.7,61,65,9,22.4,0,0,0,0,0,0
2159,14.8,214,78,5,4,0,0,0,0,1,1
50,5.9,72,39,16,37.1,0,0,1,1,0,0
15,14.5,63,68,12,22.9,0,0,1,1,0,0
783,23.7,162,68,7,6,0,0,1,1,1,0
30,6.5,40,40,29,25,0,0,0,0,0,0
33.9,12.7,79,49,24,11.5,0,0,1,0,0,0
731,3.9,169,46,33,3,0,0,0,0,0,1
27.4,6.8,64,48,37,41.8,0,0,0,0,0,0
1019,6.2,89,34,3,1,0,0,0,0,0,0
1350,20.5,178,58,37,6,0,0,1,0,1,0
43.9,8.9,62,57,28,21.1,0,0,0,0,0,0
32.3,11.8,81,49,3,30,0,0,1,1,1,0
41.1,13.4,80,80,15,15.6,0,0,1,0,0,0
47.1,7.5,68,34,22,5,0,0,0,0,1,0
1094,20.4,1500,48,32,6,0,0,1,1,0,0
36.2,21.5,60,48,17,10.1,0,0,0,0,0,0
35.4,19.3,56,41,10,22.2,0,0,0,0,0,0
11.6,9.7,30,45,9,16.2,0,0,0,0,0,0
1275,12.8,15,49,12,6,0,0,0,0,0,0
918,8.8,102,34,36,3,0,0,0,0,0,0
25.4,5,56,37,22,40,0,0,0,1,0,0
591,19.9,566,79,4,5,0,0,0,0,0,0
800,21.5,447,33,13,5,0,0,1,0,0,1
24.8,7.2,72,57,36,19.2,0,0,0,1,0,0
21.2,11.8,57,38,29,17.4,0,0,0,0,0,0
32.9,8,88,40,34,33.7,0,0,0,0,0,0
26,19.9,74,60,21,7.4,0,0,0,1,0,0
27.7,19,95,46,3,15.4,0,0,1,1,0,0
926,9.2,578,60,17,6,0,0,0,0,0,0
1120,19.6,67,35,36,4,0,0,0,0,0,0
28.6,5.4,54,38,20,20,0,0,0,1,0,0
24.1,17.3,62,76,39,32,0,0,0,0,0,0
17.7,13.7,51,37,28,14.8,0,0,0,0,1,0
23.2,22.4,40,31,8,38.3,0,0,0,0,0,0
949,5.2,74,46,8,6,0,0,0,0,1,0
33.2,24.2,40,44,11,11.1,0,0,1,0,0,0
2446,7.2,1481,63,17,5,0,0,1,1,1,0
12,18.5,52,53,35,14.7,0,0,0,0,0,0
885,22.2,72,56,24,3,0,0,1,0,0,0
48.5,4.5,55,35,34,34.1,0,0,0,1,0,0
21.2,23.2,52,62,2,34.7,0,0,0,0,0,0
28.2,10.2,46,50,19,23.5,0,0,0,1,0,0
819,20.8,680,61,32,3,0,0,0,0,0,0
17.8,17.7,30,47,4,21.9,0,0,1,1,0,0
2265,2.5,253,36,13,4,0,0,0,0,0,0
20.1,23.4,30,33,10,10.3,0,0,0,0,0,0
857,22,118,75,2,4,0,0,1,0,0,0
20.7,1.3,35,66,38,15.7,0,0,0,0,0,0
25.9,11.9,70,65,17,21.9,0,0,0,0,0,0
2243,9.2,3,43,5,3,0,0,0,0,1,0
41.2,2.5,64,32,13,35.3,0,0,1,1,0,0
2106,2.7,4,39,29,2,0,0,1,0,0,0
327,24.6,111,52,8,1,0,0,1,0,0,1
391,8.9,36,77,36,4,0,0,1,0,0,0
32.4,19.4,80,64,21,56.5,0,0,1,1,0,0
34.6,19.3,30,70,23,8.7,0,0,0,0,0,0
1476,19.7,44,63,21,6,0,0,1,1,1,0
43,3.1,44,36,3,40,0,0,0,0,0,0
19.1,18.9,47,78,30,18.9,0,0,0,0,0,0
35.2,24.1,51,57,6,10.7,0,0,1,1,0,0
716,14.1,129,50,2,6,0,0,1,0,1,0
40.4,4.4,95,67,6,40,0,0,0,0,0,0
43.7,9,73,74,4,34.5,0,0,0,0,0,0
927,22.4,32,38,13,5,0,0,0,0,0,0
360,17.9,12,49,6,1,0,0,1,1,1,0
1398,12.3,378,45,38,6,0,0,1,0,0,0
2297,10.4,247,30,37,1,0,0,1,0,0,0
38.3,11.1,40,75,31,36.4,0,0,1,0,0,0
1879,5.6,118,76,31,4,0,0,1,0,0,0
31.7,12.5,40,31,1,18.1,0,0,0,0,0,0
35.2,23.1,95,66,3,12.7,0,0,0,0,0,0
30,12,92,33,23,17.9,0,0,0,0,0,0
22.8,22.3,60,72,24,36,0,0,0,0,0,0
27,12.6,95,43,11,28.5,0,0,0,0,0,0
34.9,21,95,40,40,5.3,0,0,0,1,0,0
647,20.7,578,35,27,1,0,0,0,0,0,0
44.1,14.1,77,47,33,40,0,0,0,0,0,0
1190,22.4,732,58,6,2,0,0,0,0,0,0
790,2.8,66,69,9,4,0,0,1,0,0,0
47.2,2.3,57,61,26,20.5,0,0,1,1,1,0
29.2,19.1,40,37,12,24.5,0,0,0,0,0,0
763,20.7,15,36,7,5,0,0,0,0,0,0
28.9,0.3,95,31,26,38.8,0,0,0,0,0,0
17.2,10.2,54,36,33,10.3,0,0,0,1,0,0
42.5,11.5,63,37,5,5.1,0,0,0,0,0,0
924,6.4,131,51,34,5,0,0,0,0,1,0
16.7,6.5,30,39,25,6.7,0,0,1,1,0,0
1844,11.4,179,55,7,5,0,0,1,0,1,0
41.1,3,54,62,20,16.8,0,0,1,0,0,0
2149,13.2,264,58,3,2,0,0,1,1,1,0
22.5,20.4,60,54,14,32.7,0,0,0,0,0,0
1635,3.4,99,58,0,1,0,0,0,0,0,1
23.5,15.6,79,40,32,6.9,0,0,0,0,0,0
50,2.2,40,71,29,43.3,0,0,0,0,0,0
29.4,5.8,51,40,15,21.2,0,0,0,0,1,0
26,17.5,51,72,24,12.9,0,0,0,1,0,0
36.7,4.2,47,43,22,8.8,0,0,0,0,0,0
10.2,3,77,61,38,8.7,0,0,0,0,1,0
24.9,3,65,51,15,41.1,0,0,1,1,0,0
945,0.8,266,72,10,1,0,0,0,0,1,0
22.5,16.9,62,40,9,14.4,0,0,0,1,0,0
10,19.1,30,67,10,9,0,0,0,0,1,0
46.8,19,88,61,34,20.5,0,0,0,0,0,0
25.2,21.1,70,32,12,16.9,0,0,0,1,1,0
491,1.5,103,54,18,5,0,0,0,0,0,0
41.1,23.5,73,60,5,52.3,0,0,1,1,0,0
846,21.1,15,66,10,6,0,0,1,1,0,0
16,2.9,38,37,9,5.4,0,0,1,0,0,0
21.2,4.7,50,48,26,27.1,0,0,0,0,0,0
1918,8,0,41,7,4,0,0,1,0,1,0
25.5,13.2,43,40,7,61.7,0,0,0,1,0,0
1206,8.2,449,42,40,1,0,0,1,0,1,0
27.5,7.5,66,44,10,20,0,0,0,1,0,0
42,2.1,40,35,30,25.2,0,0,1,1,0,0
24.7,8.4,40,68,4,20,0,0,0,0,0,0
565,11.4,10,57,33,5,0,0,1,0,1,0
700,20.6,123,58,39,1,0,0,0,0,0,0
30.1,2.6,59,32,32,9.7,0,0,0,0,0,0
1648,18,389,54,10,1,0,0,1,1,1,0
27.4,20.8,47,33,4,7.7,0,0,0,0,0,0
30.7,17.5,95,75,10,50,0,0,0,0,0,0
20,0.9,79,79,37,80,0,0,0,0,0,0
2413,2.9,128,75,18,4,0,0,0,0,0,0
44.2,24.1,40,77,8,19.2,0,0,0,0,0,0
43.1,17.8,95,40,14,12.3,0,0,0,0,0,0
20,22.4,80,56,2,40,0,0,1,1,0,0
25.9,0.4,30,57,5,13.3,0,0,1,0,1,0
12.4,19.9,80,43,9,18.9,0,0,0,0,1,0
20,11.9,75,53,34,8.9,0,0,0,0,0,0
10.6,12.6,30,59,12,13.3,0,0,0,0,0,0
34.4,21.5,42,37,35,30.7,0,0,0,1,0,0
11.3,10,44,44,0,26,0,0,0,1,0,0
667,24.4,902,48,21,5,0,0,0,0,0,1
46.9,1,95,36,4,38.5,0,0,1,1,0,0
2285,9.2,966,36,6,1,0,0,0,0,0,0
839,1,276,67,17,4,0,0,0,0,0,0
33.5,6.6,63,68,16,11.8,0,0,0,0,0,0
36.5,9.7,30,47,37,22.2,0,0,0,0,0,0
2362,12.4,447,39,13,4,0,0,1,0,0,0
38.9,13.2,91,31,12,20,0,0,1,1,0,0
50,0.6,40,31,2,25.2,0,0,0,0,0,0
2003,3,277,65,7,4,0,0,0,0,1,0
1020,23.2,300,46,10,6,0,0,0,0,0,0
42.2,14.6,53,36,0,9.3,0,0,0,0,0,0
32.7,0.8,92,51,2,18.7,0,0,0,1,0,0
911,4.4,194,66,8,5,0,0,1,1,1,0
20,21.3,40,53,36,28.5,0,0,0,0,1,0
43,8.9,90,44,29,16,0,0,1,1,0,0
2419,8.7,226,52,11,2,0,0,0,0,0,1
42.6,23.1,65,78,11,40,0,0,1,1,0,0
24,13.3,60,56,22,10,0,0,0,0,0,0
2185,7.9,16,41,2,1,0,0,0,0,0,0
38.8,14.5,85,31,26,13.5,0,0,0,0,0,0
37.8,5.6,92,50,16,22.2,0,0,0,0,0,0
1296,0.4,409,73,22,3,0,0,1,0,0,0
20,19.6,94,77,0,9.6,0,0,0,1,0,0
829,16.6,292,62,7,4,0,0,0,0,0,0
20.9,19.2,69,40,24,29.4,0,0,0,0,0,0
1970,9.7,89,50,4,5,0,0,0,0,0,0
20.1,13.1,30,68,28,5,0,0,0,1,0,0
43.8,19.4,71,74,28,18.1,0,0,0,0,0,0
20.3,18.2,89,50,36,44,0,0,0,1,0,0
26.9,10.6,71,35,22,23.6,0,0,0,0,0,0
852,10.5,252,71,38,4,0,0,1,0,1,0
1738,19.2,534,48,15,2,0,0,1,0,1,0
22.6,0.7,87,43,32,22.5,0,0,0,0,0,0
1933,7,90,32,4,5,0,0,1,1,0,0
1862,22.9,702,78,2,4,0,0,0,0,0,0
609,22.4,41,79,6,1,0,0,0,0,1,0
1904,6.9,162,61,16,6,0,0,1,1,1,0
20,3.9,40,43,24,24,0,0,0,1,0,0
894,4.2,7,55,1,6,0,0,1,0,1,0
834,5.2,57,38,22,4,0,0,0,0,0,1
721,19.4,343,69,38,4,0,0,1,1,0,0
27.3,11.8,44,71,15,19,0,0,0,1,0,0
27.4,21.3,69,77,12,13.8,0,0,0,0,0,0
29.2,1,65,65,9,5,0,0,0,1,1,0
35.4,1.2,72,67,4,18.6,0,0,0,0,0,0
18.5,3.9,74,37,21,24.8,0,0,0,0,0,0
1773,23.6,492,56,8,6,0,0,0,0,0,0
946,1.7,161,64,24,6,0,0,1,1,1,0
44.1,7.3,90,38,16,11.1,0,0,1,0,0,0
1812,15.5,606,78,38,4,0,0,1,1,1,0
16.8,18.2,43,40,31,5,0,0,0,0,0,0
49.5,24.8,95,69,13,12.3,0,0,0,0,0,0
20.2,24.3,80,48,5,32.2,0,0,0,0,0,0
2135,22.3,694,37,29,4,0,0,0,0,0,0
24.4,13.5,64,74,26,20.7,0,0,0,1,0,0
18.9,21,43,74,2,24,0,0,0,1,0,0
44.5,11.3,94,40,35,11.4,0,0,0,0,0,0
36.3,6.3,55,54,28,65.5,0,0,0,0,0,0
44.2,20.6,77,72,33,28.6,0,0,0,0,0,0
1882,12.7,131,54,1,3,0,0,1,1,1,0
30.4,21.8,79,68,18,26.3,0,0,0,1,0,0
669,24.6,431,49,20,2,0,0,0,0,1,0
22.6,8.1,30,43,13,16,0,0,0,1,0,0
2352,12.6,65,59,31,1,0,0,1,1,1,0
1560,19.7,91,47,1,6,0,0,0,0,1,0
43.4,12,79,61,5,60,0,0,0,0,0,0
15.4,16.5,63,30,29,36.7,0,0,0,0,1,0
21.1,24,71,50,24,16.2,0,0,0,0,0,0
13.2,23.2,30,78,25,14.5,0,0,0,0,1,0
971,7,423,41,34,6,0,0,1,1,0,0
27.7,1.8,62,42,15,8.9,0,0,1,1,0,0
28.3,4.2,82,44,16,40,0,0,0,1,0,0
534,3.8,1500,57,21,6,0,0,0,0,0,1
1219,20.3,832,69,19,1,0,0,1,1,1,0
1918,19.2,286,60,9,4,0,0,1,0,0,0
510,24.2,212,41,25,2,0,0,0,0,0,0
1134,7.5,55,48,24,1,0,0,1,0,0,0
26.9,3.7,44,70,3,21.8,0,0,0,0,0,0
32,15.9,95,43,32,7.5,0,0,0,0,0,0
20.4,8.1,41,76,8,5.6,0,0,0,0,0,0
1714,1.9,67,72,1,1,0,0,1,1,1,0
12.1,12.7,69,51,21,11.3,0,0,0,0,0,0
46.4,2.1,63,73,21,25,0,0,0,0,0,0
32.8,17.8,40,47,7,50,0,0,0,1,0,0
2277,20.2,272,57,7,4,0,0,1,1,1,0
21.6,1.9,30,58,5,23.5,0,0,0,0,0,0
25.3,2.8,40,61,28,9.9,0,0,0,0,0,0
845,3.1,644,35,39,6,0,0,1,0,0,0
34.7,2.7,90,48,15,9.9,0,0,0,0,0,0
29.8,4,51,74,37,20,0,0,1,1,0,0
924,2.9,510,59,23,2,0,0,0,0,0,0
22.9,6.6,74,46,37,15.7,0,0,0,1,0,0
42.9,23.5,68,68,9,18.4,0,0,1,1,0,0
50,7.7,59,61,32,14.4,0,0,1,1,0,0
2294,2.4,5,74,0,6,0,0,1,1,1,0
22.7,20.4,46,70,37,9.7,0,0,0,1,0,0
28.4,15.8,95,68,17,13.7,0,0,0,1,0,0
37.5,22.4,83,51,3,6,0,0,1,1,0,0
22.8,21.4,95,44,29,14.7,0,0,0,1,0,0
20,8.5,40,39,34,47.3,0,0,0,1,0,0
31.7,21.2,95,54,4,22.2,0,0,0,0,0,0
2467,1.7,37,60,39,1,0,0,0,0,1,0
40.6,17.5,30,73,28,11.6,0,0,1,0,0,0
16.2,10.2,30,47,5,26,0,0,1,1,0,0
37.7,6.5,51,41,19,11.6,0,0,1,0,1,0
30.4,9.5,55,61,21,11.3,0,0,0,0,0,0
770,13.9,954,45,3,6,0,0,0,0,0,0
37.7,20.5,40,63,35,25.4,0,0,0,0,0,0
24.6,9.9,61,55,23,9.1,0,0,0,1,1,0
27.1,11.6,40,80,24,21.3,0,0,0,1,0,0
18.1,13.7,61,61,18,18.3,0,0,1,1,0,0
25.8,13.1,92,68,37,35.6,0,0,0,0,0,0
14,3.4,59,73,24,11.1,0,0,0,0,0,0
50,10,85,68,35,51.7,0,0,0,0,0,0
29.2,5.6,61,32,15,6.1,0,0,0,1,0,0
44.4,11.7,40,71,22,12.2,0,0,0,0,0,0
435,18.2,169,79,21,1,0,0,1,1,1,0
32,2.9,47,77,20,7.1,0,0,0,0,0,0
43.6,23.7,84,36,30,28.3,0,0,1,1,0,0
13.9,3.7,55,31,7,12.3,0,0,0,0,1,0
34.7,8.6,88,43,24,17.9,0,0,0,1,0,0
50,4.6,40,74,26,23.8,0,0,0,0,0,0
29.3,5.5,58,52,24,7.6,0,0,0,0,0,0
46.3,9.6,53,43,40,17.8,0,0,0,0,0,0
1833,0.3,38,45,28,4,0,0,1,0,0,0
22.8,8.6,30,73,3,15.1,0,0,0,1,0,0
24.3,1.9,86,62,15,20,0,0,0,0,0,0
40.9,22.5,95,41,13,34.4,0,0,0,0,0,0
10,7.6,30,80,18,43.6,0,0,0,1,0,0
24.5,11.6,35,55,9,34,0,0,0,0,0,0
438,20.3,579,65,38,3,0,0,0,0,0,1
28.5,21.5,30,53,6,41.5,0,0,0,0,0,0
32.9,0.6,95,68,27,36,0,0,0,0,0,0
408,11.6,92,33,21,6,0,0,0,0,0,1
42.4,16.7,57,33,37,37.8,0,0,0,0,0,0
40.8,23.3,42,39,18,25.9,0,0,0,0,0,0
904,5.3,1385,80,29,3,0,0,0,0,0,0
31.8,0.5,80,48,6,8.6,0,0,0,0,0,0
37,21.8,67,51,31,21.4,0,0,1,1,0,0
680,7.6,452,49,11,1,0,0,1,0,0,0
45,1.4,91,64,38,11.7,0,0,0,0,0,0
43.2,13.2,50,54,18,36.9,0,0,1,0,0,0
48.6,17.7,40,50,12,22.4,0,0,0,1,0,0
30.2,10.7,63,51,17,15.4,0,0,0,0,0,0
317,14.2,194,64,39,4,0,0,0,0,1,1
31.9,1.8,87,65,36,24,0,0,0,1,0,0
19.5,24.5,32,56,16,30,0,0,1,1,0,0
37.6,12.5,40,73,30,22.9,0,0,1,0,0,0
1429,4.4,244,72,9,4,0,0,1,0,0,0
478,11.7,860,59,1,4,0,0,0,0,0,1
14.6,7.8,30,75,34,11.2,0,0,0,1,1,0
37.2,2.8,69,38,29,11.1,0,0,1,1,0,0
28.3,1,40,69,38,22.5,0,0,1,1,0,0
23.2,6.3,30,56,17,21.7,0,0,0,0,0,0
31.6,6.6,59,76,34,20,0,0,1,1,0,0
20.2,9.3,50,73,34,35.4,0,0,1,1,0,0
473,15.2,45,78,35,3,0,0,0,0,0,1
28.4,8.7,45,43,15,7.4,0,0,0,0,0,0
10.4,17.3,48,37,38,19.1,0,0,0,0,0,0
25.1,8.1,30,58,10,33.3,0,0,0,0,0,0
2110,23.4,18,62,8,6,0,0,0,0,0,0
1453,10.9,958,67,4,1,0,0,0,0,0,0
12.3,18.9,37,62,37,20,0,0,1,1,1,0
608,17.9,7,73,9,6,0,0,1,1,1,0
17.5,9.4,59,67,14,24,0,0,0,0,0,0
20.9,4.5,30,53,28,10.2,0,0,0,0,0,0
42,20.2,69,49,33,22.8,0,0,0,0,0,0
35.6,1.2,70,33,14,22.5,0,0,0,0,0,0
1912,14,788,79,28,2,0,0,0,0,1,0
22.3,16,71,42,18,20,0,0,0,0,0,0
807,19.3,66,43,20,2,0,0,1,1,0,0
31.9,6.4,86,73,30,36.4,0,0,0,1,0,0
1641,23.2,441,56,26,1,0,0,0,0,0,0
24.6,24.6,51,62,26,12.3,0,0,0,0,0,0
22.5,0.5,38,61,6,30,0,0,1,0,0,0
1447,4.6,658,35,34,4,0,0,0,0,0,0
2405,23.2,6,32,28,3,0,0,0,0,0,0
1056,20.5,379,32,20,3,0,0,0,0,1,0
21.6,11.1,93,77,11,9.2,0,0,0,0,1,0
657,20.9,335,65,14,5,0,0,0,0,0,0
536,21.2,78,63,13,5,0,0,1,1,0,0
1115,5.7,87,47,40,1,0,0,1,0,0,0
2010,17,23,37,40,1,0,0,1,1,1,0
429,15.1,467,75,3,6,0,0,1,1,0,1
36,12.3,91,48,20,10.7,0,0,0,0,0,0
964,21.2,71,57,38,2,0,0,1,0,0,0
616,12.7,836,73,20,5,0,0,0,0,0,0
28.6,19.3,40,72,2,17.5,0,0,1,1,0,0
29.6,23.5,77,54,25,41.1,0,0,0,0,0,0
1036,17.1,859,58,1,6,0,0,0,0,0,0
38.3,6.6,46,43,27,23.3,0,0,1,0,0,0
20,23.7,88,66,30,13.9,0,0,0,0,0,0
38.6,0.3,89,30,8,14.6,0,0,1,1,0,0
35.5,2.5,59,63,3,30.5,0,0,0,1,0,0
29.4,24.2,73,34,13,16.3,0,0,0,0,0,0
24.9,15.1,63,40,39,11.8,0,0,1,1,0,0
2324,22.8,594,77,4,3,0,0,1,1,0,0
16.3,4.6,74,32,32,5,0,0,0,1,1,0
23.8,6.6,57,63,39,20.6,0,0,0,0,0,0
889,16,139,60,27,4,0,0,0,0,0,0
20.8,24.1,95,56,37,8.3,0,0,0,0,0,0
20,1.2,55,30,39,14.3,0,0,0,0,0,0
33.1,22.2,53,75,9,19.4,0,0,0,0,0,0
1276,2.6,527,44,17,1,0,0,0,0,0,0
882,9.3,365,63,9,5,0,0,1,1,1,0
913,23.5,203,62,19,3,0,0,1,0,0,0
34.8,23.3,53,79,1,8.3,0,0,0,1,1,0
16,22.8,30,35,20,19.4,0,0,0,0,0,0
1037,10.5,173,54,35,1,0,0,0,0,0,0
32.6,21.7,60,69,32,21.9,0,0,1,1,0,0
25.6,4.5,49,30,28,12.2,0,0,0,0,1,0
25,10.7,48,35,7,14.7,0,0,0,0,0,0
565,4.4,254,73,39,6,0,0,0,0,0,0
28.8,22.3,35,75,36,14.6,0,0,0,0,0,0
875,0.4,176,47,12,4,0,0,1,1,1,0
993,14.5,216,54,31,1,0,0,0,0,0,0
32.3,5.7,82,51,1,41.9,0,0,0,1,0,0
31.1,23.2,93,72,32,9.5,0,0,1,1,0,0
41.4,21.1,70,32,19,35.3,0,0,0,0,0,0
22.1,23.9,93,40,16,21.4,0,0,0,0,0,0
40.4,13.9,40,78,10,10.9,0,0,0,0,0,0
2329,6.8,401,63,38,2,0,0,1,0,1,0
23.6,22.6,72,66,39,21.5,0,0,0,1,0,0
13,21.4,77,50,15,7,0,0,0,0,0,0
31.1,11.3,43,51,6,20.7,0,0,1,0,0,0
2323,1.2,37,48,3,3,0,0,1,0,1,0
26.9,0.7,47,64,19,17.3,0,0,1,1,1,0
22.8,13.8,47,43,25,20,0,0,1,0,0,0
25.1,21.7,30,49,11,11,0,0,0,0,1,0
1493,15.1,473,54,12,5,0,0,0,0,0,0
14.5,9.7,34,68,34,56,0,0,0,0,0,0
2227,16.7,436,65,30,6,0,0,1,0,0,0
1568,9.5,4,32,1,1,0,0,0,0,0,0
20.2,15.1,53,31,32,38,0,0,0,0,0,0
20,6.8,66,31,28,13.4,0,0,1,1,0,0
38.2,18.1,90,64,30,40,0,0,0,1,1,0
24,13.9,37,58,24,16.2,0,0,1,1,0,0
29.8,20.9,40,74,4,40,0,0,0,0,1,0
44.1,16.7,92,33,21,16.7,0,0,0,0,0,0
23.1,18.1,95,45,16,33.3,0,0,0,1,0,0
31.7,12.4,30,31,39,27.1,0,0,1,0,1,0
30.9,0.9,51,54,19,9.1,0,0,0,1,0,0
29.3,19.4,69,75,36,12,0,0,0,0,0,0
2006,6.4,96,76,32,6,0,0,1,0,1,0
33.8,20.3,95,76,9,10.8,0,0,0,1,0,0
34.5,22.5,67,56,19,32.6,0,0,1,1,1,0
40.1,23.3,49,66,15,40,0,0,0,0,0,0
665,16.7,217,72,11,3,0,0,0,0,1,0
1846,5.5,467,41,22,1,0,0,0,0,0,0
35.9,24.3,95,35,30,33.3,0,0,0,0,0,0
1054,0.3,291,79,16,5,0,0,0,0,0,0
500,6.4,183,67,19,5,0,0,0,0,0,0
25.8,22.5,61,57,24,10.3,0,0,0,1,0,0
343,11.2,68,30,29,4,0,0,1,1,1,0
21,14.5,52,76,38,10.4,0,0,0,0,0,0
1540,10.3,301,40,15,6,0,0,0,0,0,0
2159,19.7,41,67,29,1,0,0,0,0,0,0
2171,6.8,640,65,34,3,3,0,0,0,0,0
29.4,22.8,78,72,18,16.8,3,0,0,1,0,0
33.2,6.2,56,71,0,20.8,3,0,0,1,0,0
746,17.7,423,68,33,2,3,0,0,0,0,0
2386,9.1,129,48,22,3,3,0,1,1,1,0
29.8,10.7,40,46,27,58,3,0,0,1,0,0
50,5.9,95,59,0,8.8,3,0,0,1,0,0
28.9,24.6,95,65,3,20,3,0,0,0,0,0
20,18.2,88,42,29,8.9,3,0,0,0,0,0
23,4.9,92,31,22,10.3,3,0,0,0,0,0
1620,12.4,875,47,3,4,3,0,0,0,0,0
1291,23.4,201,67,31,5,3,0,1,1,1,0
1939,5.5,568,76,38,1,3,0,1,1,1,0
36.8,13.9,40,77,20,14.7,3,0,0,0,0,0
26.3,18.8,40,44,20,67.1,3,0,0,0,0,0
719,12.2,84,34,5,5,3,0,0,0,0,0
42.1,3.1,92,79,12,19,3,0,1,0,0,0
31.8,14.3,81,73,37,35,3,0,0,0,0,0
991,7.2,11,56,38,6,3,0,1,0,0,0
36.5,8.1,68,43,2,27.7,3,0,0,0,0,0
28.4,1.8,40,32,33,26.7,3,0,0,0,0,0
25.6,18,30,54,1,56.7,3,0,1,0,0,0
37.1,19.1,71,60,8,11.4,3,0,0,0,0,0
1615,13.1,344,51,11,5,3,0,1,1,1,0
20,6.1,50,73,26,17.2,3,0,0,1,0,0
1149,5.9,556,51,33,3,3,0,1,1,0,0
14.1,9.6,30,37,3,23.8,3,0,0,0,1,0
37.6,20.7,47,42,24,15.2,3,0,0,1,0,0
17.7,1.5,48,56,11,34,3,0,1,0,0,0
1668,23.8,261,38,3,5,3,0,1,1,1,0
46.9,21.6,95,33,18,40,3,0,1,1,0,0
27.6,11,94,48,31,7.1,3,0,0,1,0,0
22.8,22.8,30,47,35,7.5,3,0,1,1,0,0
20.7,5.4,63,73,28,5,3,0,0,0,0,0
18,19.3,60,54,40,25.5,3,0,0,1,0,0
22.7,12.1,86,51,30,8.8,3,0,0,0,0,0
2263,18.2,148,67,15,2,3,0,0,0,0,0
35.8,4.6,67,38,26,26.2,3,0,0,0,1,0
50,6.4,74,62,20,18.5,3,0,0,0,1,0
852,0.4,335,58,39,5,3,0,1,1,1,0
33.5,3.2,71,68,13,19.3,3,0,0,0,0,0
30.3,3.4,92,50,1,31.5,3,0,1,0,0,0
790,2.3,424,66,39,3,3,0,1,0,0,0
25.3,14.2,44,65,32,20,3,0,0,1,1,0
31.2,19.2,40,76,14,25,3,0,1,1,0,0
21.1,5.5,46,74,8,17.9,3,0,0,0,0,0
1748,16.2,507,70,22,4,3,0,0,0,0,0
44.3,20.5,83,64,35,41.1,3,0,0,0,0,0
28.3,12,45,65,1,16.3,3,0,0,0,0,0
1103,10.4,252,43,28,2,3,0,1,1,0,1
2063,7.3,529,48,10,2,3,0,1,1,0,0
37.7,6.1,86,63,9,11.3,3,0,1,1,0,0
23.7,5.1,69,64,22,34.7,3,0,0,1,0,0
889,8,105,48,17,4,3,0,0,0,1,0
29.5,2.1,95,60,9,27.8,3,0,0,0,0,0
35.9,23.1,74,51,14,26.5,3,0,0,1,0,0
2476,17.2,50,55,20,3,3,0,1,0,0,0
2245,20.4,167,51,13,5,3,0,1,0,0,0
2486,23.8,488,70,21,2,3,0,1,1,0,0
24.6,0.5,95,34,39,50,3,0,0,1,0,0
878,9.3,47,66,23,3,3,0,1,1,1,1
42.3,19.4,86,49,24,6.2,3,0,0,0,0,0
1101,10.7,180,32,13,3,3,0,1,0,0,0
30.2,18.6,95,38,31,16,3,0,0,0,0,0
40,13,71,68,14,60,3,0,0,0,0,0
41.5,7,60,52,25,13.7,3,0,1,1,0,0
26.8,21.7,70,38,18,5.3,3,0,1,1,1,0
20.7,17.4,30,33,1,22,3,0,0,0,1,0
10,6,30,54,32,30,3,0,0,1,0,0
27.1,12.2,38,30,33,6.9,3,0,0,0,0,0
29.6,14.5,95,58,9,20.6,3,0,0,1,0,0
36.7,4.7,77,68,4,50,3,0,0,0,0,0
721,22.6,178,57,38,4,3,0,0,0,0,0
22.8,23.8,80,54,34,20,3,0,0,0,0,0
35.7,24.9,95,49,21,9,3,0,1,1,0,0
38.3,24.4,90,60,27,23.8,3,0,0,0,0,0
835,15.1,486,44,35,1,3,0,0,0,0,0
761,16.6,161,78,29,3,3,0,1,1,1,0
45.4,1.7,60,63,25,24,3,0,0,1,0,0
20,20.4,95,70,31,36.6,3,0,0,0,0,0
20,22.7,40,60,29,33.3,3,0,0,1,1,0
45.9,23.7,81,75,26,16.6,3,0,0,0,0,0
1813,19.3,641,62,23,4,3,0,0,0,0,0
35.4,13.9,86,62,19,26.8,3,0,0,1,0,0
26.7,0.1,49,64,14,16.5,3,0,0,0,0,0
41.8,10.3,95,63,11,18.8,3,0,0,0,0,0
876,5.7,132,42,34,5,3,0,1,1,1,0
38.4,24.7,78,61,32,13.3,3,0,0,0,0,0
37.7,21.1,30,64,36,27.5,3,0,1,1,0,0
889,9.9,437,71,7,3,3,0,1,1,0,0
1684,7.6,189,54,7,3,3,0,1,0,0,0
731,15.6,41,52,35,2,3,0,0,0,0,0
32.9,7.4,91,59,25,24.2,3,0,0,1,0,0
536,21,68,39,30,6,3,0,0,0,0,1
1307,3.4,260,71,3,4,3,0,1,0,0,0
40.4,16.3,46,46,34,21.4,3,0,0,0,0,0
2266,16.1,6,78,23,6,3,0,1,1,0,0
2430,3.8,465,34,7,1,3,0,1,1,1,0
24.2,12.1,80,54,0,11.1,3,0,0,0,0,0
22.3,17.7,30,34,13,8.7,3,0,0,0,0,0
600,23.5,452,38,5,6,3,0,1,1,0,0
778,18.1,17,35,34,3,3,0,1,1,1,0
909,18.8,213,39,23,3,3,0,0,0,0,0
1765,24.7,120,59,34,5,3,0,0,0,0,0
2170,6.3,152,56,11,2,3,0,0,0,0,0
587,25,329,49,39,2,3,0,1,1,1,0
48.8,24.1,30,36,37,63.6,3,0,1,1,0,0
50,0.9,30,59,13,9.8,3,0,0,0,0,0
29.7,20,65,62,2,43.3,3,0,0,1,0,0
29.3,15.3,78,48,5,8,3,0,1,0,0,0
1462,9.4,769,33,16,3,3,0,0,0,0,0
44.8,16.5,72,64,12,25.3,3,0,0,0,0,0
22.5,4.7,62,62,27,15.8,3,0,0,1,0,0
38.5,20.8,44,69,17,24.5,3,0,0,0,0,0
38.9,6.4,56,65,26,34.3,3,0,1,0,0,0
2353,10,662,46,39,6,3,0,0,0,0,0
30.4,20.2,68,65,19,23.5,3,0,0,0,0,0
1501,7.6,18,72,32,6,3,0,1,1,0,0
1399,10.7,58,69,27,3,3,0,1,0,0,0
1549,3.1,351,64,32,5,3,0,1,0,0,0
20.5,4.9,31,62,22,21.7,3,0,1,1,1,0
21.2,10.1,56,46,19,15.4,3,0,1,1,0,0
37.6,15.3,51,31,5,12.8,3,0,0,0,0,0
31.9,1.5,79,58,13,26.2,3,0,0,0,0,0
819,21.7,188,37,26,5,3,0,0,0,0,0
34.3,14,40,52,24,21.5,3,0,0,0,0,0
20,11.4,74,78,27,18.4,3,0,0,0,0,0
30.5,6.9,44,39,14,21.1,3,0,0,0,0,0
30.7,8.5,72,60,1,37.3,3,0,0,0,0,0
36,24.1,74,32,36,24.5,3,0,0,0,1,0
40.5,3.7,90,66,5,30.8,3,0,0,0,0,0
1055,4.4,85,64,1,5,3,0,1,0,0,0
31.5,21.8,82,74,11,19.5,3,0,0,0,0,0
35.8,4.7,52,32,3,33.3,3,0,1,0,0,0
44.9,1,57,42,15,21,3,0,1,0,0,0
32.3,16.5,40,71,34,22.2,3,0,0,1,0,0
2073,11.7,121,68,15,3,3,0,1,0,0,0
40.1,2.3,91,50,4,76,3,0,0,1,0,0
40.8,2.6,94,76,29,5,3,0,0,0,0,0
36.3,9.7,95,51,30,58,3,0,0,0,0,0
29.2,14.6,50,72,36,28,3,0,0,1,0,0
25.1,16,70,54,16,33.3,3,0,0,1,0,0
1537,6.6,47,50,15,5,3,0,1,0,0,0
347,20.3,517,58,15,1,3,0,0,0,0,0
977,22,149,53,12,6,3,0,1,1,1,0
11.3,16.3,36,33,11,20,3,0,1,0,0,0
23.9,9.5,40,48,19,21.1,3,0,0,1,0,0
27,7.6,84,65,22,9.2,3,0,0,0,0,0
31.1,8.8,59,46,36,25,3,0,0,0,0,0
26.8,2.2,30,66,38,14.9,3,0,0,1,1,0
36.5,21,40,69,8,25,3,0,0,0,0,0
1130,13.3,53,36,28,6,3,0,1,1,1,0
16.9,22,33,37,8,22,3,0,0,1,0,0
29.5,22.3,62,30,36,23.5,3,0,0,0,0,0
31.8,15.7,61,33,39,22.4,3,0,0,0,0,0
15.2,24.7,80,46,36,20,3,0,0,0,1,0
15.5,1.1,41,32,13,16,3,0,0,0,0,0
39.1,22.5,80,31,17,12.9,3,0,0,0,0,0
38.6,14.7,83,79,29,15,3,0,0,0,0,0
18.5,9.5,70,46,10,6.4,3,0,0,1,0,0
32.5,12.4,40,50,15,29.2,3,0,0,1,0,0
1374,23.4,101,68,39,4,3,0,1,1,0,0
24.2,0.7,75,35,15,36.7,3,0,0,0,0,0
1156,18.1,16,30,21,3,3,0,1,0,1,0
26.9,1.9,53,76,31,12.7,3,0,0,0,0,0
44.3,22,90,76,21,32.4,3,0,0,0,0,0
2013,11,222,59,16,1,3,0,1,1,0,0
1073,5.8,595,70,8,4,3,0,0,0,0,0
27.6,24.8,42,42,17,32.6,3,0,1,0,0,0
27.2,15.9,77,43,26,26.1,3,0,0,0,1,0
767,12.3,175,71,33,6,3,0,0,0,0,0
1957,6.6,105,64,14,4,3,0,0,0,1,0
29.7,21.6,68,36,39,31.3,3,0,1,1,0,0
903,10.7,301,39,26,6,3,0,1,0,0,0
35.6,19.1,67,33,9,40,3,0,1,0,0,0
1678,12.8,115,53,27,5,3,0,1,1,0,0
1357,13.1,277,37,11,2,3,0,0,0,0,0
29.7,11.5,40,38,22,7.5,3,0,0,0,0,0
1055,20.7,163,68,6,4,3,0,1,0,0,0
2409,6.5,43,49,5,5,3,0,0,0,1,0
30.4,17.3,36,75,7,26.4,3,0,0,0,0,0
35,15.2,95,33,32,33.3,3,0,1,0,0,0
29.7,2.9,73,54,8,24,3,0,0,1,0,0
1500,23.6,382,76,35,2,3,0,0,0,0,0
32.8,0.8,59,78,20,17,3,0,1,0,0,0
17.3,15.9,34,51,37,18.8,3,0,0,0,0,0
27.8,3.5,82,41,2,25.3,3,0,1,0,0,0
18,20.5,60,79,10,11.5,3,0,1,1,0,0
27.3,5.9,86,74,27,8.2,3,0,0,0,1,0
17.2,17.5,40,69,3,16.9,3,0,1,0,0,0
26.2,23.2,95,43,10,18.9,3,0,0,0,0,0
33.4,19.1,65,40,7,13.7,3,0,0,0,0,0
342,5.3,213,72,32,5,3,0,0,0,0,0
36.2,14.8,77,67,25,5,3,0,0,1,1,0
37.8,22.6,73,51,37,21.1,3,0,1,1,0,0
893,13.9,371,48,8,6,3,0,0,0,0,0
1176,11,36,62,38,4,3,0,0,0,1,0
354,12.2,6,31,7,6,3,0,1,0,0,1
38.4,0.6,61,78,37,33.3,3,0,1,1,0,0
2428,3.8,67,42,1,2,3,0,0,0,0,0
1639,23.6,979,36,1,1,3,0,0,0,0,0
1092,0.4,289,78,8,5,3,0,0,0,0,0
43.9,1.5,40,41,33,23.6,3,0,0,1,0,0
1002,23.8,37,44,28,5,3,0,0,0,1,1
42.4,9.1,40,48,10,51.4,3,0,0,0,0,0
39.8,1.6,70,44,31,29.6,3,0,0,0,0,0
31.4,1.5,69,71,18,5.2,3,0,0,0,0,0
20.3,17.5,60,31,21,14.3,3,0,0,0,0,0
23.5,0.4,45,60,14,21.1,3,0,0,0,0,0
482,13.5,653,78,36,3,3,0,0,0,0,1
662,9,830,31,14,5,3,0,1,0,0,0
908,1.9,776,47,29,5,3,0,0,0,0,1
23.7,20.7,43,74,19,16.7,3,0,0,0,0,0
28.7,19.2,60,34,33,18.7,3,0,0,0,0,0
42.3,18,40,31,39,31.1,3,0,1,1,0,0
1800,9.9,59,64,14,2,3,0,1,1,1,0
35.4,21.8,70,31,9,15.4,3,0,0,0,1,0
42.4,6.2,95,41,25,15.1,3,0,1,0,0,0
1213,10.7,80,37,26,1,3,0,1,1,1,0
2094,23.6,144,67,13,6,3,0,1,1,1,0
2179,20.9,110,67,38,5,3,0,1,1,0,0
27,17,79,64,25,7.2,3,0,0,0,0,0
20.1,12.7,94,65,20,18.8,3,0,0,0,1,0
34.8,17.2,95,68,14,37.4,3,0,0,0,1,0
661,17,163,71,19,3,3,0,1,1,0,0
27.8,24.3,40,80,37,27.5,3,0,0,0,0,0
1682,17.5,273,68,17,3,3,0,1,0,0,0
567,13.4,8,55,21,3,3,0,0,0,0,0
2281,6.5,23,34,30,5,3,0,0,0,1,0
35.8,19.9,54,78,27,21,3,0,0,0,0,0
39.4,10.4,95,38,7,12.7,3,0,0,1,0,0
33.6,23.6,93,75,30,43.1,3,0,0,0,0,0
1371,20.5,108,32,19,6,3,0,1,0,0,0
30,12.5,36,66,25,18.4,3,0,1,0,0,0
17,10,56,32,19,19.2,3,0,0,0,0,0
28.1,21.1,40,58,14,35.4,3,0,0,0,0,0
24.8,4.8,30,52,13,28,3,0,0,1,1,0
347,9.2,594,35,27,2,3,0,0,0,0,0
36.9,3.8,63,50,19,12.2,3,0,1,1,0,0
34.2,18.5,40,76,11,70,3,0,0,0,0,0
2098,13.4,130,65,38,3,3,0,1,0,1,0
48.2,25,81,41,25,8.1,3,0,0,1,0,0
30.5,3.6,77,58,10,12.6,3,0,0,0,0,0
1042,16,169,71,10,2,3,0,1,1,0,0
48.6,6.9,91,53,32,58.9,3,0,0,1,0,0
26.3,7,62,67,32,7.9,3,0,0,0,0,0
20.4,15.8,49,50,19,8.9,3,0,0,0,0,0
50,8,40,63,10,41,3,0,1,0,0,0
1178,15.5,185,65,19,5,3,0,0,0,0,0
19.8,1.7,30,53,30,28.8,3,0,0,0,0,0
39.7,11.2,64,79,23,5,3,0,1,1,0,0
1739,6.2,277,54,26,6,3,0,1,1,1,0
25.9,19.2,78,55,18,26.1,3,0,1,0,0,0
953,9.7,118,72,27,1,3,0,0,0,0,1
27.3,19.4,53,54,11,28.5,3,0,0,1,0,0
44.1,12.5,88,72,6,28.7,3,0,0,1,0,0
33.3,20.5,60,42,39,40,3,0,1,0,0,0
43.2,10.9,95,71,36,7.1,3,0,0,0,0,0
972,2.7,476,79,40,2,3,0,1,1,0,1
869,6.6,362,31,2,6,3,0,0,0,0,0
2055,0.8,118,69,26,6,3,0,0,0,1,0
33.1,12.7,95,49,39,8.6,3,0,1,1,0,0
41.6,13,63,47,5,16,3,0,0,0,0,0
38.8,14.5,95,39,26,32,3,0,0,0,0,0
17,15.5,55,44,21,11,3,0,0,0,0,0
27.1,16.3,85,77,27,12.1,3,0,0,0,0,0
39.7,13.9,90,53,21,29,3,0,0,0,0,0
1797,3.3,286,40,33,1,3,0,1,0,0,0
1193,6,626,54,17,4,3,0,0,0,0,0
32.9,4.7,63,40,15,40,3,0,0,0,0,0
41.1,12,92,60,27,14.3,3,0,1,0,0,0
2148,17.3,238,40,28,4,3,0,1,1,0,0
33.2,6,42,34,6,12.7,3,0,0,0,0,0
30.7,0.1,88,52,9,7.1,3,0,0,0,0,0
600,15.1,638,31,28,5,3,0,0,0,0,0
47.8,9.6,84,41,18,12,3,0,0,0,0,0
16.8,11.6,40,73,30,33.3,3,0,0,1,0,0
21,24.1,66,42,6,32.9,3,0,0,0,0,0
1982,4.1,179,49,4,4,3,0,0,0,0,0
33.9,3.7,49,61,25,70.9,3,0,0,1,0,0
16.2,5.5,62,64,24,10.5,3,0,0,0,0,0
2474,4.5,167,35,34,3,3,0,0,0,0,0
20,5.2,30,63,21,17.7,3,0,1,1,0,0
29.4,20.1,62,50,2,16,3,0,0,0,0,0
21.4,22,38,43,28,24.8,3,0,0,0,1,0
1729,9.3,410,69,32,4,3,0,1,1,0,0
1263,18,235,37,31,5,3,0,0,0,1,0
35.6,24.8,57,66,27,15.2,3,0,0,0,0,0
20.9,6.8,61,57,5,16.9,3,0,0,1,0,0
33.1,7.9,55,77,29,7.4,3,0,1,1,0,0
39,6.6,78,63,39,40,3,0,1,1,0,0
31,0.3,93,80,9,17.3,3,0,0,1,0,0
2241,17.6,284,77,12,3,3,0,1,0,1,0
34,7.5,51,65,33,25.5,3,0,1,1,0,0
24.8,1,68,33,20,8.9,3,0,0,0,0,0
27.3,3.6,43,56,36,5,3,0,0,1,1,0
2260,22.8,62,77,36,6,3,0,0,0,0,0
24.4,16.7,53,72,16,8.9,3,0,0,0,1,0
44.7,9.9,30,39,16,32.1,3,0,1,0,1,0
2187,6.6,187,65,10,2,3,0,0,0,0,0
33,19.9,40,62,8,5,3,0,0,0,0,0
36,1.2,79,74,39,34.3,3,0,0,0,0,0
1947,3.9,331,40,12,5,3,0,1,1,1,0
38.3,20.8,80,60,15,18.6,3,0,0,0,0,0
32.9,23.7,55,31,20,5.6,3,0,0,1,0,0
16.3,11,41,60,9,24.3,3,0,1,0,0,0
424,21.7,217,79,7,6,3,0,1,0,1,1
20,5,54,56,24,26,3,0,1,1,0,0
28.7,16.7,74,68,12,15.6,3,0,0,0,0,0
1054,23.8,646,38,0,6,3,0,0,0,0,0
2443,10.2,535,72,2,5,3,0,0,0,0,0
16.7,19.2,41,51,7,32,3,0,0,0,0,0
1897,18.5,126,78,37,6,3,0,1,0,1,0
1747,11.1,111,39,19,3,3,0,0,0,0,0
791,5.1,285,33,16,5,3,0,1,1,0,0
935,16.6,164,55,40,4,3,0,1,0,0,0
19.9,3,48,44,18,19.4,3,0,0,1,0,0
45.7,3,47,46,24,9.2,3,0,1,1,0,0
1187,22,317,66,26,4,3,0,1,1,0,0
36.6,19.8,84,53,12,32.9,3,0,0,0,0,0
41.6,3.5,87,36,32,16.8,3,0,0,1,0,0
22.4,16.7,30,56,32,13,3,0,0,0,0,0
2449,10.4,250,51,6,4,3,0,0,0,0,1
35.8,14.7,30,48,22,6.5,3,0,1,1,0,0
16.2,15.3,49,34,2,12.6,3,0,1,1,0,0
1652,0.4,255,59,15,2,3,0,1,1,1,0
974,15.9,980,68,35,4,3,0,0,0,0,0
50,13.9,40,59,7,16.7,3,0,0,0,1,0
35.9,14.1,60,38,10,20,3,0,0,0,0,0
25.4,15.5,69,40,4,16.5,3,0,1,1,0,0
48.1,6.8,95,67,29,22.9,3,0,0,0,0,0
31.8,9.4,40,56,6,50,3,0,1,1,0,0
33.4,11.6,52,56,8,18.5,3,0,0,0,0,0
46.1,4.9,86,80,37,27.1,3,0,0,0,0,0
1747,13.9,702,63,27,6,3,0,0,0,0,0
41.6,4.8,51,49,10,32.9,3,0,0,0,0,0
419,6,1058,30,34,3,3,0,0,0,0,0
43.9,11,49,60,2,21.5,3,0,0,1,0,0
2204,20.7,46,70,39,1,3,0,1,1,1,0
26.3,12.5,69,47,31,40,3,0,0,0,0,0
13.1,13.2,30,56,20,23.8,3,0,0,0,1,0
1846,11.8,207,76,5,3,3,0,1,0,0,0
30.9,20.1,57,47,5,19,3,0,1,1,0,0
39.5,7.6,67,80,18,22.8,3,0,0,0,0,0
45.3,7.9,38,62,27,58,3,0,0,0,0,0
2233,4.2,74,38,33,5,3,0,0,0,1,0
1782,12.1,51,46,40,6,3,0,0,0,0,1
731,4.7,140,31,22,2,3,0,1,1,0,0
1317,7.6,405,63,23,5,3,0,1,1,0,0
23.7,23.9,32,69,17,21.8,3,0,0,1,0,0
46.3,7.4,30,47,2,10.2,3,0,0,0,0,0
1958,21.2,73,57,15,3,3,0,0,0,1,0
33.2,0.5,70,51,25,46,3,0,0,0,0,0
42.4,14,61,41,4,38.3,3,0,0,0,1,0
46.4,3.7,93,39,32,19.4,3,0,1,0,0,0
2109,7.6,1,73,33,1,3,0,0,0,0,0
38.6,14.3,89,37,20,21.5,3,0,0,0,0,0
14.4,4,32,74,34,20,3,0,0,1,0,0
1411,2.6,294,56,6,2,3,0,1,0,0,0
20.6,23.1,30,34,34,20,3,0,0,0,0,0
17.6,17.4,80,66,20,32.4,3,0,0,0,0,0
28,18.1,49,46,11,30,3,0,0,1,0,0
41.5,6.3,43,61,15,31.5,3,0,1,1,1,0
851,15,840,49,7,5,3,0,0,0,1,0
1426,7.7,344,62,9,2,3,0,0,0,1,0
49.1,14.3,67,68,25,7.1,3,0,0,0,0,0
22,4.9,56,62,39,40,3,0,0,0,0,0
869,16.9,263,57,14,1,3,0,0,0,0,0
1257,2.1,430,76,19,2,3,0,1,0,1,0
21.1,2.8,95,60,34,9.1,3,0,0,0,0,0
34.2,17.4,86,50,20,42,3,0,0,0,0,0
27.9,20,95,68,24,21.1,3,0,0,0,0,0
14.3,22.2,54,42,5,16,3,0,0,0,0,0
21.8,16.1,51,72,24,12.4,3,0,0,1,0,0
2343,10.2,117,34,13,3,3,0,1,1,1,0
2159,8,432,53,29,2,3,0,0,0,0,1
32.8,24.5,68,34,21,20,3,0,0,0,0,0
22.7,23.5,34,52,14,19,3,0,0,0,0,0
1438,8.4,140,31,21,3,3,0,1,0,0,1
35.1,24.3,91,63,15,24.5,3,0,1,0,0,0
20,16.6,74,51,18,14.7,3,0,0,0,0,0
18.4,8.4,55,40,28,23.3,3,0,0,0,0,0
25.6,17.6,78,36,29,11.1,3,0,0,0,0,0
1675,37.7,1,24,48,6,2,1,1,1,1,1
2443,17.5,117,34,31,3,3,0,1,0,1,0
22.5,27.6,30,15,82,48,2,1,1,1,0,1
20.5,14.3,92,75,12,5.4,3,0,0,0,1,0
28.2,30.6,37,18,80,8.1,2,1,0,0,0,0
48.4,34.2,80,29,96,33.8,2,1,1,0,0,1
1539,28.9,452,20,59,3,2,1,1,1,1,1
11.6,34.8,63,32,73,21.1,2,1,0,1,0,0
837,36.8,541,27,82,6,2,1,0,0,1,0
21.6,38.5,33,19,89,20.8,2,1,1,0,0,1
2156,23.8,89,46,26,6,3,0,1,0,0,0
35.9,36.1,59,32,92,36.5,2,1,1,1,0,1
26.5,10.1,54,65,3,13.5,3,0,0,0,0,0
22.2,32.8,33,16,49,20,2,1,1,0,0,1
2496,21.6,4,41,25,5,3,0,1,0,0,0
37.4,3.3,75,54,33,8,3,0,0,1,0,0
41.7,24.9,64,73,6,33.7,3,0,0,0,1,0
2278,32,214,33,50,4,2,1,1,1,1,1
31.5,9.7,89,60,16,31.4,3,0,1,1,0,0
20.3,25.8,30,21,65,16.7,2,1,0,0,0,0
33.8,26.5,95,32,63,16.7,2,1,0,1,0,0
39.5,34.9,67,13,52,22.8,2,1,1,1,1,1
1009,34.7,152,14,69,6,2,1,0,1,1,1
2334,36.8,23,7,40,1,2,1,1,1,1,1
25.5,17.2,95,80,4,14.8,3,0,1,1,0,0
31.5,33.9,62,30,74,7.3,2,1,1,0,0,1
506,20.5,88,73,5,2,3,0,1,1,0,0
50,26.6,87,33,55,33.3,2,1,1,1,1,1
1176,31.5,1249,3,83,3,2,1,1,0,0,1
1030,11,404,78,34,4,3,0,0,0,1,0
1726,29.6,143,18,86,6,2,1,1,1,0,1
48.3,34.3,75,27,80,15.8,2,1,1,1,0,1
16.6,37.5,30,33,72,28.8,2,1,1,0,1,1
710,6.2,675,55,33,5,3,0,1,1,0,0
913,4.3,75,57,21,3,3,0,0,0,0,0
1995,24.2,41,31,5,6,3,0,0,0,0,0
24.3,6.8,81,76,13,23.3,3,0,0,0,0,0
29.4,19.3,65,74,27,80,3,0,0,0,0,0
2335,25.9,267,10,74,1,2,1,0,0,1,0
24.3,19,49,65,36,15,3,0,0,0,0,0
33.2,27,85,0,67,42,2,1,1,1,0,1
1480,37.5,368,34,47,6,2,1,0,1,1,0
1452,30.9,105,32,65,5,2,1,1,1,1,1
12.9,30.2,30,23,82,8.2,2,1,0,0,0,0
23.6,27,40,5,85,36.4,2,1,0,1,0,0
33.1,29.7,84,34,73,26.3,2,1,1,1,0,1
29.3,24.3,94,71,20,7.5,3,0,0,0,0,0
32.9,35.2,94,7,94,72,2,1,1,1,0,1
20,8.1,61,73,11,7.8,3,0,0,0,0,0
39.1,2.1,81,53,36,9.3,3,0,0,0,0,0
44.5,26.4,40,29,86,36.7,2,1,1,1,1,1
24.9,32,50,18,87,7,2,1,0,0,0,0
2272,14.8,815,76,17,4,3,0,0,0,0,0
35.4,26.6,40,6,49,27.6,2,1,1,0,0,1
24.3,39.4,67,27,87,33.1,2,1,0,0,0,0
2100,29.7,271,11,51,5,2,1,1,0,0,1
1373,14,268,59,10,5,3,0,0,0,0,0
1632,30.4,26,12,94,4,2,1,1,1,1,1
32,38.3,95,8,45,35.5,2,1,0,1,0,0
36.8,27.3,81,20,85,21.7,2,1,0,0,0,0
41.5,31.9,30,40,73,16.1,2,1,1,1,0,1
46.1,36.1,72,21,82,37.9,2,1,0,1,0,0
46.8,38.1,40,29,59,12.3,2,1,1,0,0,1
2413,27.1,9,35,79,5,2,1,1,0,0,1
29,32.5,73,8,85,8,2,1,1,0,0,1
25.5,37.7,74,37,80,21.8,2,1,1,0,0,1
46.2,22.2,64,35,1,29.6,3,0,0,0,0,0
15.7,29.1,52,36,52,11.8,2,1,1,0,0,1
29,37.9,40,17,70,15.9,2,1,1,0,0,1
35.1,22.1,73,56,23,15.4,3,0,0,0,0,0
23.6,4.1,89,75,15,11.8,3,0,0,1,0,0
946,11.2,170,60,17,6,3,0,1,1,0,1
34.1,34.3,40,6,67,30.7,2,1,1,1,0,1
20,23.5,60,45,1,8.4,3,0,0,0,0,0
40,12.4,67,53,15,5,3,0,0,0,0,0
28.8,34.7,30,24,52,17.3,2,1,1,1,1,1
25.4,18.7,73,37,13,21.4,3,0,0,1,0,0
21,17.6,30,72,29,9.9,3,0,0,0,0,0
27.8,34,76,31,78,13,2,1,1,1,0,1
43,31.6,67,39,80,6.3,2,1,0,0,0,0
23.9,34.4,30,12,75,24.2,2,1,0,0,1,0
2163,3.3,114,39,9,1,3,0,0,0,0,0
32.8,29,40,39,60,10.9,2,1,1,1,0,1
2463,33.6,431,15,52,1,2,1,1,1,1,1
26.3,35.6,95,5,75,8,2,1,1,1,0,1
1608,14.1,988,59,16,2,3,0,1,0,0,0
26.3,16.5,30,63,20,14.8,3,0,0,0,1,0
39.3,28.7,30,31,88,17,2,1,0,1,0,0
1124,21.8,299,67,13,3,3,0,1,1,0,0
44.3,32.5,72,24,78,8.5,2,1,0,1,0,0
25.4,3.1,30,52,38,10.5,3,0,0,1,1,0
43,1.8,30,80,14,22.8,3,0,0,0,0,0
30.8,28.4,47,36,56,12.4,2,1,1,1,0,1
39.7,36.9,43,18,60,23.6,2,1,1,0,0,1
27.4,21.4,36,48,9,6.7,3,0,0,0,0,0
21.4,29,40,2,52,38.5,2,1,0,0,0,0
28.2,29,75,27,55,22,2,1,0,1,0,0
33.2,2.8,62,66,37,8.5,3,0,0,1,0,0
10,26.4,80,26,78,32,2,1,1,1,1,1
31.2,36,30,34,80,27.9,2,1,1,1,0,1
31.3,12.2,40,42,24,16.7,3,0,0,0,1,0
23.4,0.9,81,52,11,41.1,3,0,0,0,0,0
1771,20.5,152,73,31,4,3,0,0,0,0,0
651,24.7,108,49,33,6,3,0,1,1,0,0
30.7,28.5,53,24,85,8.1,2,1,1,0,0,1
37.6,30.9,82,21,89,22.2,2,1,1,0,0,1
1044,29,251,39,95,4,2,1,1,1,1,1
43.6,6.6,59,74,35,24.2,3,0,1,0,0,0
44.4,28.9,36,17,49,48.6,2,1,1,1,0,1
36.7,38.9,83,16,49,18.2,2,1,1,1,1,1
20.6,10.6,55,36,28,44,3,0,0,0,0,0
965,4.2,411,45,34,5,3,0,0,0,0,1
20,16.7,73,50,22,10.2,3,0,0,0,0,0
1504,64.3,300,70,19,5,3,0,0,0,1,0
2489,27.7,882,27,98,3,2,1,1,0,0,1
20.7,36.8,30,11,85,7.9,2,1,0,0,0,0
2317,25.6,263,28,71,1,2,1,1,1,1,1
854,72.9,214,52,38,3,3,0,0,0,0,0
30.8,36.3,76,13,52,56,2,1,1,0,0,1
18.6,89.7,80,74,29,32.6,3,0,0,0,0,0
2313,70,43,69,20,5,3,0,0,0,1,0
566,85.3,761,61,3,3,3,0,0,0,0,0
35,52.1,30,73,33,7.8,3,0,0,1,0,0
23.8,31,37,34,95,20,2,1,1,0,0,1
23.3,26.7,30,18,85,9.6,2,1,0,0,0,0
941,68,200,76,29,4,3,0,0,0,1,0
49.5,30.8,61,37,88,27.7,2,1,0,1,0,0
36.7,37.6,51,25,57,68,2,1,1,0,0,1
19.1,52.4,30,60,20,18.8,3,0,1,0,0,0
34.4,29.1,80,14,87,11,2,1,0,1,0,0
20.7,56,30,57,14,20,3,0,0,0,0,0
1027,75.1,282,57,15,1,3,0,1,0,1,0
33,35.9,40,18,54,21.6,2,1,1,0,0,1
42.4,25.2,30,37,62,49.5,2,1,1,1,0,1
48.6,38.9,95,4,73,30.3,2,1,1,0,0,1
23.2,37,40,27,70,36.9,2,1,1,1,0,1
1601,59.5,64,30,12,5,3,0,1,1,1,0
29.9,61.2,50,55,35,22.2,3,0,0,1,0,0
1689,34.6,124,40,74,3,2,1,1,1,1,1
1472,37.5,130,6,56,6,2,1,0,1,0,0
852,29.6,103,3,53,4,2,1,1,1,1,1
33.9,50.7,45,73,13,40,3,0,0,0,0,0
21.1,86.9,30,35,35,18.9,3,0,0,1,0,0
1174,36.5,32,0,43,2,2,1,1,0,1,1
37.8,50.6,77,51,22,19.4,3,0,0,1,0,0
33.1,32.8,42,9,71,10,2,1,1,1,0,1
14.5,38.7,46,8,57,14.3,2,1,1,1,0,1
23.9,31.9,30,12,72,7.2,2,1,1,1,0,1
823,81.8,508,30,15,2,3,0,0,0,0,0
2128,28,374,24,67,1,2,1,1,1,1,1
33.8,32.1,91,13,71,41.4,2,1,0,1,0,0
34.8,89.1,59,55,2,40,3,0,1,1,0,0
43.6,36.7,40,12,77,11.6,2,1,1,1,0,1
1297,69.6,140,38,36,6,3,0,1,1,1,0
40.5,27,95,3,99,36.7,2,1,1,1,0,1
28.8,65.3,92,52,21,15.2,3,0,0,0,0,0
49.7,83.5,84,57,19,36.6,3,0,0,0,0,0
39.7,70.4,39,58,1,10.4,3,0,0,0,0,0
1793,88.8,173,70,22,6,3,0,1,1,1,0
19.6,27.8,57,16,84,13,2,1,1,0,1,1
29.2,87.9,75,74,2,17,3,0,0,1,0,0
10,30.1,30,0,46,19,2,1,1,1,1,1
32.4,74.6,71,68,17,13.3,3,0,1,1,0,0
35.1,38.2,82,38,42,34.8,2,1,1,0,0,1
1124,66.7,287,68,15,6,3,0,0,0,1,0
1893,38.5,185,31,49,6,2,1,0,1,0,0
23.4,37.5,52,19,98,31.7,2,1,1,0,1,1
38.9,27.5,95,18,84,44,2,1,0,0,0,0
36.8,34.7,69,4,97,16.7,2,1,0,0,0,0
2410,88.2,208,58,17,1,3,0,1,0,1,0
25.8,29.2,54,17,41,15.6,2,1,1,0,0,1
30.3,38.7,54,7,83,20.5,2,1,0,1,0,0
33,27.2,40,9,90,28.6,2,1,1,0,0,1
38,29.4,30,9,85,20.4,2,1,1,1,0,1
34.3,39.9,43,3,43,6.9,2,1,1,1,0,1
1792,47.2,251,72,9,4,3,0,0,0,0,0
24.2,30.1,30,24,91,17.8,2,1,1,0,1,1
2403,59.8,269,30,15,1,3,0,1,0,0,0
41.3,38.3,73,19,77,28.6,2,1,1,1,0,1
30.2,35.4,70,25,91,24.3,2,1,1,0,0,1
617,31.2,7,11,83,1,2,1,1,1,1,1
957,29.2,280,11,60,4,2,1,1,1,1,1
29.6,83.6,72,75,23,7.5,3,0,0,1,0,0
39.8,34.1,40,15,95,31.8,2,1,1,1,1,1
27.6,53.8,82,40,12,7.7,3,0,0,0,0,0
591,84.9,240,63,13,6,3,0,1,0,0,0
2321,35.7,236,21,67,6,2,1,1,1,0,1
2194,64.3,172,65,22,5,3,0,1,0,0,0
25.8,37.6,94,29,74,22.7,2,1,0,0,0,0
20.2,36.8,40,7,81,52,2,1,1,1,0,1
41.6,31.3,77,5,73,28.3,2,1,0,1,0,0
21.7,39.2,34,29,69,28,2,1,1,1,1,1
32.5,29.6,88,29,49,30.8,2,1,0,0,0,0
2086,39.2,157,5,94,3,2,1,0,0,1,0
303,81.6,61,42,12,5,3,0,1,0,1,0
31.4,45.6,87,42,11,38.8,3,0,0,1,0,0
35.5,26.2,93,20,76,15.3,2,1,1,1,0,1
31.8,26.8,50,19,52,30,2,1,0,0,1,0
17.5,88,47,58,31,23.6,3,0,0,0,0,0
39.2,74.2,77,65,20,60,3,0,0,0,0,0
33.2,30.4,76,39,66,40,2,1,0,0,0,0
47.2,35.7,41,18,79,11.6,2,1,1,0,0,1
11.6,38.9,41,29,49,11.6,2,1,0,0,1,0
18.9,29.6,34,37,86,25.8,2,1,0,0,0,0
47.4,81.3,64,77,38,16.7,3,0,0,0,0,0
944,50,209,37,25,1,3,0,1,0,0,1
34.4,26.7,40,22,57,33.3,2,1,1,0,0,1
46.3,78.4,61,36,37,36.4,3,0,0,0,0,0
36.6,88.4,80,33,26,30,3,0,0,0,0,0
26,38.5,61,22,65,36.8,2,1,1,0,0,1
2326,26.3,200,38,80,1,2,1,1,1,0,1
2462,45.7,389,66,2,6,3,0,0,0,1,0
18.3,79,30,57,38,20,3,0,0,0,0,0
24.9,63.8,47,75,19,5.8,3,0,1,1,0,0
411,78.7,275,75,9,2,3,0,0,0,0,1
39.2,37.7,77,4,54,19,2,1,1,1,0,1
32,26.2,40,34,41,28.4,2,1,0,0,0,0
25.7,36.2,40,17,43,30,2,1,1,1,0,1
36.4,29.5,43,12,56,6.6,2,1,0,0,0,0
24.5,65.2,83,55,23,19.2,3,0,1,0,0,0
15.2,29.9,40,10,92,22,2,1,0,0,0,0
26.4,37.6,30,5,62,9.3,2,1,0,0,0,0
1926,66.7,248,52,13,2,3,0,1,1,1,1
33.6,80.9,40,79,40,13.7,3,0,0,1,1,0
767,86,10,45,27,4,3,0,1,0,0,0
32.6,33.2,62,6,73,26.3,2,1,1,1,0,1
34.1,83.5,30,40,21,9.3,3,0,1,1,0,0
23.8,37,33,16,100,12.6,2,1,1,1,0,1
28.8,39.5,77,7,69,31.7,2,1,1,1,0,1
2478,63.6,493,55,29,4,3,0,1,0,0,0
37.4,34.6,87,9,95,15.4,2,1,1,1,0,1
1424,28.6,140,3,68,2,2,1,1,1,0,1
35.6,88.2,76,57,37,52,3,0,0,0,0,0
38.5,66,95,79,23,20,3,0,1,0,0,0
19.8,35.1,56,9,71,37.6,2,1,1,1,1,1
26.2,51.2,79,77,20,30.4,3,0,0,1,0,0
39.2,71.5,86,34,20,38.8,3,0,0,0,0,0
1524,79.2,330,36,14,5,3,0,1,0,1,0
35.8,35.4,95,25,96,19.3,2,1,1,0,0,1
50,66.4,95,48,36,7.5,3,0,0,0,0,0
39.4,32,30,9,93,18.9,2,1,0,0,0,0
318,52.1,1256,68,13,2,3,0,1,1,0,1
1844,25.2,564,14,45,3,2,1,0,1,1,1
917,57.9,314,57,10,1,3,0,1,0,0,0
833,28.8,250,10,81,4,2,1,0,1,0,0
875,56.4,179,32,18,1,3,0,1,1,0,1
37.8,32.4,94,32,93,5.4,2,1,1,0,0,1
35.4,69.3,75,43,36,6,3,0,0,0,0,0
20.2,71.5,90,41,24,9.1,3,0,1,1,0,0
1149,27.5,226,23,73,5,2,1,0,1,1,0
46.2,84.9,84,44,22,19.1,3,0,0,1,0,0
45.8,28.3,74,40,72,24.8,2,1,1,0,0,1
806,61.9,341,38,20,4,3,0,0,0,0,0
43.7,55.7,85,39,27,15.9,3,0,0,1,0,0
1636,26.2,279,5,90,3,2,1,1,1,1,1
34.9,89.1,94,31,33,16,3,0,0,0,0,0
29.4,33.1,95,36,75,17.5,2,1,1,1,0,1
41.9,55.5,67,70,28,9.3,3,0,0,0,0,0
45,51.1,74,39,37,17.4,3,0,0,0,0,0
41.5,25.2,89,37,92,20.7,2,1,1,0,0,1
21.8,55.5,30,50,20,36.7,3,0,1,1,0,0
1943,62.4,136,76,28,4,3,0,0,0,1,0
36.3,36.1,77,10,93,7.4,2,1,1,1,0,1
1539,66.5,318,68,21,2,3,0,1,0,0,0
20,52.9,95,64,1,36.4,3,0,0,0,0,0
28.4,62.7,73,37,29,19,3,0,1,1,0,0
23.5,28.9,80,31,93,15.7,2,1,1,0,0,1
2468,59.2,99,34,26,2,3,0,0,0,0,0
28.4,38.3,40,5,81,12.2,2,1,0,0,0,0
31.5,28.6,82,27,52,24.5,2,1,1,0,0,1
21.9,49.8,30,35,30,29.2,3,0,0,0,0,0
16.7,81.9,30,63,39,31.6,3,0,0,1,0,0
15.9,26.7,30,33,60,25.2,2,1,1,0,1,1
28.6,77.8,69,40,3,53.3,3,0,0,1,0,0
40.2,28.6,76,10,63,25,2,1,0,0,0,0
35.7,31.8,56,22,54,36.4,2,1,1,0,0,1
1591,36.2,97,16,84,6,2,1,1,0,0,1
857,75.7,40,79,12,1,3,0,1,1,1,0
999,57.6,86,63,20,4,3,0,0,0,1,0
2152,60.5,8,58,13,1,3,0,0,0,0,0
35.1,33.3,40,37,60,12.6,2,1,1,0,0,1
13.1,31.3,75,6,93,30,2,1,1,1,0,1
1578,82.4,149,49,39,4,3,0,1,0,0,0
44.5,27.9,74,27,78,28.8,2,1,0,0,0,0
28.9,37.5,40,37,53,16.7,2,1,1,1,0,1
37.6,60.2,95,44,13,30,3,0,1,1,0,0
31.8,69.9,54,51,23,9.3,3,0,0,1,0,0
948,59.9,147,68,37,6,3,0,1,0,0,0
23.6,32.4,30,30,86,12.3,2,1,0,0,0,0
17.2,27.4,50,37,77,20,2,1,0,0,0,0
36.1,75.5,84,63,27,8.3,3,0,0,0,1,0
906,76,492,44,27,4,3,0,0,0,0,0
10,29.7,30,15,56,10.5,2,1,0,0,0,0
41.9,31.2,49,15,75,17.1,2,1,1,1,0,1
11.9,29.1,30,3,48,7.7,2,1,1,1,0,1
50,33.6,40,12,48,26.7,2,1,1,1,0,1
34.8,79.3,60,55,24,38.5,3,0,0,1,0,0
2065,64.2,386,39,5,3,3,0,1,1,1,0
1555,52.3,512,45,37,4,3,0,0,0,0,0
1165,25.1,460,26,82,4,2,1,1,1,1,1
1898,77.7,199,65,3,2,3,0,0,0,0,0
1731,29.5,7,19,72,6,2,1,1,1,0,1
1888,60.9,203,33,9,1,3,0,1,1,1,0
25.4,31.8,40,11,95,8.8,2,1,1,1,1,1
659,87.7,87,36,38,6,3,0,1,1,1,0
34.7,58.5,64,67,1,11.8,3,0,1,1,0,0
894,29,393,21,84,5,2,1,1,0,1,1
37.4,30.8,54,3,44,17.4,2,1,1,0,0,1
625,48,1019,35,9,5,3,0,0,0,0,1
33.5,29.9,71,1,84,22.6,2,1,0,0,0,0
718,56.3,239,46,15,5,3,0,1,1,1,0
29,69.1,43,43,20,7.2,3,0,0,0,0,0
25.4,39.4,51,18,56,26.5,2,1,0,0,0,0
465,77.2,876,61,13,4,3,0,0,0,0,0
37.7,54.8,74,32,24,55.4,3,0,0,0,0,0
19.1,62.5,63,31,36,18.8,3,0,1,0,0,0
44.7,30.2,77,25,97,11.6,2,1,1,0,0,1
14.5,26,54,3,72,6.5,2,1,0,1,1,0
35.2,48.7,57,40,31,18.4,3,0,1,1,1,0
31.3,79.4,42,75,6,13,3,0,0,0,0,0
18.1,65,63,35,20,14.1,3,0,0,0,1,0
1441,26.9,576,3,45,5,2,1,1,1,1,1
38.7,26.1,58,9,72,16.2,2,1,1,1,0,1
41.6,34.7,34,26,66,6.7,2,1,1,0,0,1
2417,38.3,40,6,78,5,2,1,1,1,0,1
1471,36.4,94,4,55,1,2,1,0,0,0,0
41.5,35.5,30,5,75,22.1,2,1,1,0,0,1
38.9,64.1,82,42,22,17.4,3,0,1,0,0,0
49.6,36.4,40,19,85,35.7,2,1,1,0,0,1
33.3,30.1,92,18,48,46,2,1,1,1,0,1
1690,65.1,22,44,0,1,3,0,1,1,0,0
553,73.5,428,76,25,4,3,0,0,0,0,0
31.5,77.2,30,64,18,9.3,3,0,0,0,0,0
30.2,38,40,3,100,21,2,1,1,1,0,1
16.3,78.8,61,61,39,26,3,0,0,0,0,0
27.5,86.4,88,66,18,36,3,0,0,1,0,0
22,28.4,30,15,49,12.3,2,1,1,1,0,1
33.5,81.9,84,77,6,20.6,3,0,0,0,0,0
446,32.8,1500,9,88,4,2,1,0,1,1,0
35.2,84.8,81,71,27,45,3,0,1,1,0,0
362,31.8,110,28,71,2,2,1,0,1,0,0
303,66.6,188,60,9,6,3,0,0,0,0,0
759,84.4,184,33,24,2,3,0,0,0,0,0
1270,28.5,347,9,57,3,2,1,1,1,1,1
46.9,60.5,71,66,29,25,3,0,0,0,0,0
24.3,56.4,53,30,24,15.3,3,0,0,0,1,0
35.4,28.7,62,17,82,16.2,2,1,1,0,0,1
31.6,31,88,20,45,35,2,1,1,1,0,1
43.2,37.4,95,1,89,16.2,2,1,1,0,0,1
23.6,76.2,36,50,2,18.8,3,0,0,0,0,0
38.8,48,51,72,37,25.8,3,0,1,1,0,0
2261,61.1,444,30,29,4,3,0,0,0,0,0
867,25.5,23,37,44,2,2,1,1,1,0,1
33.3,31.5,46,22,56,21.7,2,1,1,0,0,1
37.7,38,73,3,62,10.5,2,1,1,1,0,1
2003,26.2,77,20,95,6,2,1,0,1,1,0
752,27.8,161,38,47,2,2,1,1,1,0,1
30.9,35.5,52,40,83,12.4,2,1,1,1,0,1
37.5,26,44,17,97,21.7,2,1,1,0,0,1
24.2,51.2,50,59,9,21.8,3,0,0,0,0,0
48.5,32,53,32,89,25.2,2,1,1,1,0,1
34.9,32.4,68,15,72,30.9,2,1,0,0,0,0
1606,70.4,49,36,30,4,3,0,1,1,1,0
36.5,38.2,46,35,92,32.9,2,1,0,1,1,0
28.2,28.1,40,36,54,26.2,2,1,0,1,0,0
28,61.1,93,52,18,11.8,3,0,0,0,0,0
44.7,34.4,41,20,76,28.9,2,1,1,0,0,1
1158,35.4,220,1,97,5,2,1,1,1,1,1
46.4,39.9,65,20,75,21.7,2,1,1,1,0,1
21.3,80.5,67,76,2,31.4,3,0,0,1,0,0
43.8,86.9,70,51,37,17.4,3,0,1,1,0,0
34.9,30.2,50,30,99,16.2,2,1,1,1,0,1
589,30.5,191,16,75,1,2,1,1,1,0,1
16.4,67.9,80,44,16,9.6,3,0,0,0,0,0
39.1,35.7,65,11,47,14.6,2,1,1,1,0,1
37,81.7,30,48,11,28.8,3,0,0,0,0,0
878,39.8,678,31,55,1,2,1,0,0,0,0
15.6,77.1,54,70,12,22.2,3,0,1,0,0,0
30.3,34.2,37,16,76,12.9,2,1,1,0,0,1
350,77.6,233,68,26,4,3,0,0,0,0,1
33,80.7,87,38,35,14.8,3,0,1,0,1,0
29.8,72.2,40,71,16,11.1,3,0,0,0,0,0
1184,48.7,70,33,40,3,3,0,0,0,1,1
744,77.1,485,58,37,1,3,0,1,1,1,1
941,34.6,72,16,87,6,2,1,1,1,1,1
24.8,36.3,40,8,85,40,2,1,0,0,0,0
32.8,57.5,50,43,29,11.4,3,0,0,0,0,0
987,85.8,378,72,18,5,3,0,1,0,0,0
42,25.6,43,21,55,20.5,2,1,1,1,1,1
34.8,37.3,92,21,52,30,2,1,0,0,0,0
43.1,89.8,62,55,17,16,3,0,1,1,0,0
38.8,51.3,57,39,38,12.8,3,0,0,1,0,0
33.8,25.6,95,9,50,5.6,2,1,0,1,1,0
1136,56.2,12,41,8,3,3,0,0,0,0,0
10.4,28.7,67,14,70,24,2,1,0,0,1,0
732,74.3,534,59,34,2,3,0,0,0,1,0
20,33.8,95,26,69,14.5,2,1,0,0,0,0
14.6,28.4,30,19,92,11.2,2,1,1,0,1,1
1009,26.2,1147,14,76,5,2,1,0,1,1,0
2433,61.1,85,42,23,5,3,0,1,1,0,0
23.5,64.1,95,76,19,20,3,0,0,0,0,0
28.8,34.2,30,1,72,45.5,2,1,1,0,0,1
31.3,55.3,40,33,5,21,3,0,0,1,0,0
49.9,46.8,38,32,35,9.7,3,0,0,1,0,0
13.4,68.8,48,64,20,8.9,3,0,0,1,0,0
17.9,56.5,55,77,19,12.5,3,0,0,0,0,0
1113,53.8,84,57,10,6,3,0,0,0,1,0
16.9,28.5,30,21,45,18.4,2,1,0,0,0,0
31.5,28.9,95,14,95,16.9,2,1,1,1,0,1
40.4,29.4,80,31,79,68,2,1,0,0,1,0
24,30.4,80,10,54,17.8,2,1,1,1,0,1
992,73.3,104,65,15,6,3,0,1,1,1,1
37.3,37.6,70,32,62,48,2,1,0,0,0,0
29.6,80,65,33,9,18.2,3,0,0,0,0,0
424,72.3,48,56,37,5,3,0,1,1,1,0
410,71.3,101,60,10,4,3,0,1,1,1,0
1149,71.3,10,65,4,6,3,0,0,0,0,0
15.6,30.8,36,0,54,28.6,2,1,0,0,0,0
26.5,35.5,40,38,57,13.1,2,1,1,1,0,1
1846,29.4,544,10,99,1,2,1,1,1,0,1
29.8,31.9,64,1,81,30,2,1,1,1,0,1
567,60.2,640,52,13,1,3,0,0,0,0,0
24,32.8,35,21,50,40,2,1,0,0,0,0
1660,62.7,227,49,20,4,3,0,1,0,0,0
41.5,34.4,40,26,78,14.3,2,1,0,0,0,0
26,85,30,64,14,42,3,0,1,1,0,0
26.2,89.6,46,48,32,51.2,3,0,0,1,0,0
1511,37.1,206,27,50,4,2,1,0,0,0,0
1789,87.7,743,69,12,3,3,0,0,0,0,0
822,84.3,474,36,4,4,3,0,0,0,0,0
43.8,26.9,55,36,58,51.3,2,1,0,0,0,0
31.9,30.4,42,9,84,9.8,2,1,1,1,0,1
1050,67.3,45,47,24,3,3,0,1,0,1,0
41.4,37.4,61,28,97,31.2,2,1,1,0,0,1
41,71.6,64,54,22,30.5,3,0,0,0,0,0
49,34,60,15,96,23.2,2,1,0,0,0,0
28.1,82.8,84,38,22,8.6,3,0,0,0,0,0
26,35.6,39,4,87,15.9,2,1,0,0,0,0
24.3,48.4,30,70,29,11.4,3,0,0,0,1,0
25.9,58.7,61,44,25,17.2,3,0,0,1,0,0
1494,34.9,50,35,52,3,2,1,1,1,1,1
19.3,27.9,34,5,44,13.7,2,1,1,0,1,1
34.7,28.9,77,27,73,14.7,2,1,1,0,0,1
1222,27.9,104,7,81,1,2,1,1,1,1,1
26.3,53.8,71,67,18,25.5,3,0,0,1,1,0
32.4,26.1,95,17,97,39,2,1,0,0,0,0
661,63.7,139,76,21,3,3,0,1,1,1,0
1157,31.5,19,7,77,4,2,1,1,1,1,1
43.4,34.1,40,27,100,41.1,2,1,1,1,0,1
36.2,37.4,93,10,67,17.4,2,1,0,1,0,0
23,38.2,39,38,67,10.3,2,1,1,0,0,1
2224,29.2,230,24,41,5,2,1,0,1,1,0
44.5,25.2,95,10,78,19.6,2,1,1,1,0,1
19.1,46.1,66,70,6,14.8,3,0,0,0,0,0
23.2,61.8,46,52,13,20,3,0,0,0,0,0
1345,26.7,1500,10,47,2,2,1,0,0,0,0
2252,35.5,626,36,74,4,2,1,1,1,0,1
1623,27.6,190,3,90,5,2,1,1,1,0,1
26.9,58.5,67,40,27,36.4,3,0,0,0,0,0
31.2,55.6,67,31,12,9.1,3,0,0,0,0,0
34.8,48.7,94,33,39,12.5,3,0,0,1,0,0
42.7,39.4,81,17,50,32.3,2,1,1,1,0,1
2348,31.1,419,7,73,5,2,1,1,0,0,1
309,53.3,133,34,32,5,3,0,1,0,0,1
1013,64.3,293,42,3,1,3,0,0,0,1,1
43.6,26,40,6,83,19.5,2,1,1,1,0,1
31.1,33.1,40,25,63,14.3,2,1,1,1,1,1
1486,88,393,73,4,3,3,0,0,0,0,0
39.8,80.6,74,43,8,13.9,3,0,0,0,0,0
19.1,26.5,68,29,53,20,2,1,0,0,0,0
42.9,26.5,68,30,62,14.7,2,1,1,1,0,1
41.7,87.3,49,66,8,47.1,3,0,0,1,0,0
33.9,77.9,40,32,8,13.4,3,0,0,1,0,0
42.8,36.1,50,16,43,38.3,2,1,0,0,1,0
25.4,34.7,88,15,49,19.8,2,1,0,1,0,0
39.8,45.1,30,61,39,16.4,3,0,0,0,0,0
16,49.8,45,37,22,20,3,0,0,1,0,0
21.4,61.7,30,53,3,38.6,3,0,0,0,1,0
43.9,83.7,60,43,5,7.1,3,0,0,1,0,0
887,82.8,1332,49,30,1,3,0,1,0,0,0
36.6,85,72,58,15,15,3,0,0,0,0,0
23.2,83,30,43,19,34.2,3,0,1,0,0,0
34.2,64.9,94,34,33,20.6,3,0,0,1,0,0
1749,31.8,505,27,55,3,2,1,1,1,1,1
33.1,29.2,40,8,99,12.9,2,1,1,1,0,1
21.9,80.3,68,33,33,44,3,0,0,0,0,0
25.3,67,77,61,7,18.5,3,0,0,0,0,0
34.7,31.9,88,37,48,14,2,1,1,1,1,1
43.3,27.8,40,16,78,40,2,1,1,1,1,1
31.1,25.9,83,21,88,10.7,2,1,0,0,0,0
45.4,37.2,86,25,97,14.2,2,1,0,1,0,0
508,33.8,578,33,75,5,2,1,0,0,0,0
33.6,71.8,65,75,36,16.2,3,0,0,0,0,0
651,67,197,54,3,6,3,0,0,0,0,1
27.7,83.9,62,56,34,26.1,3,0,0,0,0,0
21.9,54.8,79,65,23,16,3,0,0,0,0,0
846,52.8,146,52,6,3,3,0,0,0,0,0
1817,51.6,150,73,30,1,3,0,1,1,0,0
16,38.1,30,7,85,16.4,2,1,0,0,0,0
516,68,111,56,15,5,3,0,0,0,0,0
514,68.1,176,63,5,1,3,0,1,0,0,0
39.5,33,43,17,54,21,2,1,1,0,0,1
14,31.9,30,22,66,9.3,2,1,1,1,1,1
12.7,78.1,52,47,21,9.8,3,0,0,0,0,0
10,89,49,45,31,10,3,0,0,0,0,0
22.1,29.1,47,39,47,38.7,2,1,0,1,0,0
47.9,33.8,40,27,68,19.6,2,1,0,1,0,0
44.9,59.3,75,32,32,16,3,0,0,0,0,0
36.8,87.3,59,59,5,15.7,3,0,0,1,0,0
20,77.3,61,74,16,8.1,3,0,0,0,0,0
50,53.7,58,33,37,13.2,3,0,0,0,0,0
2033,46.2,311,58,15,5,3,0,0,0,0,0
15.2,52.7,31,76,8,20,3,0,1,1,1,0
485,85.8,74,77,14,5,3,0,0,0,0,1
50,87.4,92,45,22,13.3,3,0,0,1,0,0
564,30.1,124,15,50,4,2,1,0,0,0,0
37.1,51.5,52,60,27,7.9,3,0,1,1,1,0
1667,51.1,383,59,38,2,3,0,0,0,1,0
1501,34.9,484,10,60,4,2,1,0,1,1,0
24.3,31.7,40,5,84,22.9,2,1,0,0,0,0
31.8,87.5,52,79,21,19,3,0,0,1,0,0
35.7,35.7,53,15,47,51.4,2,1,1,1,0,1
24.3,62,69,42,11,30.8,3,0,0,0,0,0
586,26.4,359,26,61,3,2,1,0,0,0,0
560,26.7,152,29,41,1,2,1,1,1,1,1
809,30.7,239,10,89,4,2,1,1,1,1,1
920,67.3,190,33,30,6,3,0,1,1,1,0
45.9,29,56,37,77,32.3,2,1,1,0,0,1
50,69.6,83,42,35,36.4,3,0,0,0,0,0
466,86.6,279,49,15,5,3,0,0,0,1,0
17.5,34.6,30,12,55,12,2,1,1,1,0,1
36.7,32.7,90,28,71,13.5,2,1,1,1,0,1
43.8,28.4,42,5,85,18,2,1,1,1,0,1
1014,74.5,218,54,22,6,3,0,0,0,0,0
29.5,27.2,42,22,61,6.2,2,1,0,0,0,0
28.5,53.9,30,61,13,56,3,0,1,1,0,0
1627,30.6,144,28,88,1,2,1,1,1,1,1
17.5,25.1,30,36,82,15.3,2,1,0,0,0,0
30.3,46.4,87,79,14,28.6,3,0,0,0,0,0
43.9,33,55,13,99,31.4,2,1,1,0,0,1
35.1,28.4,74,33,61,21.3,2,1,1,1,0,1
29.8,32.9,71,9,98,12.7,2,1,1,0,0,1
39.2,68.3,87,45,27,11.1,3,0,1,1,0,0
345,25.7,199,18,86,3,2,1,1,1,0,1
41.3,47.6,66,59,6,27.7,3,0,0,0,0,0
17,69.2,40,63,18,11,3,0,0,0,0,0
38.1,39.9,62,11,61,14.8,5,1,1,1,0,1
36,36.3,78,3,87,17.5,5,1,0,0,0,0
15.6,31.3,40,37,48,29.1,5,1,0,0,0,0
2484,34.7,692,0,73,5,5,1,0,1,0,0
23.9,53,61,31,38,14.3,3,0,0,0,0,0
784,38.5,43,22,99,1,5,1,0,1,1,0
20,72,93,71,30,16.7,3,0,0,0,1,0
33.6,89.7,83,56,32,5.2,3,0,1,0,0,0
39.4,28.1,79,35,42,25.4,5,1,1,1,0,1
40.6,39.2,47,13,51,18.4,5,1,1,0,1,1
13.5,66.5,51,72,8,7.1,3,0,0,0,0,0
1803,52.7,123,42,38,1,3,0,1,0,1,0
36.4,32.1,67,6,71,32.7,5,1,1,1,0,1
1795,37.3,21,1,48,3,5,1,1,1,1,1
33.1,32.1,95,37,76,23.1,5,1,1,1,0,1
31.9,31,30,20,96,17.9,5,1,1,0,1,1
32.3,31.8,44,32,53,15.3,5,1,0,0,1,0
24.9,74.6,39,62,38,25.6,3,0,0,0,1,0
33.2,37,93,13,98,32.5,5,1,1,1,0,1
36.7,37.3,38,2,67,14.7,5,1,1,0,0,1
50,37.7,45,39,88,5,5,1,1,1,1,1
836,75.8,70,48,24,1,3,0,0,0,0,1
29,72.1,89,53,3,19.2,3,0,0,0,0,0
29.3,82.9,54,71,31,19.6,3,0,1,1,0,0
33.3,31.4,62,21,50,8.9,5,1,0,0,0,0
862,62.5,197,52,38,6,3,0,0,0,0,0
1127,49.4,832,48,38,5,3,0,0,0,1,0
1292,61.1,319,79,25,5,3,0,1,1,0,0
24.3,37.7,79,8,43,14.8,5,1,1,1,0,1
33.4,88,90,30,23,20,3,0,0,1,0,0
1804,54.9,145,31,31,3,3,0,0,0,1,0
34.2,37.6,40,15,67,44.2,5,1,1,0,0,1
44.3,84.3,40,53,20,11,3,0,0,1,0,0
37,29.4,58,11,85,13.2,5,1,1,0,0,1
25,68.8,30,40,6,25,3,0,1,0,0,0
22.5,79.9,30,42,14,15.5,3,0,1,1,0,0
49,62.7,53,79,19,25,3,0,0,0,0,0
46.8,33.4,95,17,46,6.7,5,1,0,0,0,0
20,58.4,47,72,40,5,3,0,0,0,0,0
20,67.5,40,77,36,18.2,3,0,0,1,0,0
29.5,89.6,57,43,5,23.6,3,0,0,0,0,0
27.7,39.8,44,29,80,21.2,5,1,1,1,1,1
31.6,47.4,60,73,31,27.5,3,0,0,1,0,0
27.8,65.4,55,69,12,11.4,3,0,0,0,0,0
1096,57.9,136,64,33,5,3,0,0,0,1,0
23.8,33.6,83,23,55,12.3,5,1,1,1,0,1
43.6,38.2,40,29,67,14.8,5,1,1,0,0,1
20.3,29.6,80,6,44,25.5,5,1,1,1,0,1
31.7,38.1,92,25,80,18.7,5,1,0,0,0,0
35.7,26.9,86,38,80,47.8,5,1,0,0,0,0
1403,71.3,830,38,4,4,3,0,0,0,0,0
43.1,62.1,56,44,4,14.2,3,0,0,1,0,0
45.9,31.3,82,5,98,17.9,5,1,1,0,0,1
44.8,25.2,48,25,62,18.2,5,1,1,1,0,1
26.9,33.9,81,31,62,31,5,1,1,1,0,1
23,84.7,76,31,12,24,3,0,0,0,0,0
27.9,28.3,53,24,60,15.1,5,1,0,0,0,0
19.4,69,39,60,35,6.8,3,0,0,0,1,0
35.5,63.8,84,61,39,5,3,0,0,0,1,0
36.7,32.4,73,29,42,15,5,1,1,1,0,1
34.4,25.4,81,31,90,48,5,1,0,1,0,0
1120,45.3,750,48,0,2,3,0,0,0,0,0
33.9,37.9,83,4,44,18.7,5,1,1,0,0,1
581,71.3,633,42,17,4,3,0,0,0,0,1
17.3,37.9,43,20,66,7.8,5,1,1,0,1,1
29.7,30.3,47,18,41,23.6,5,1,1,1,0,1
807,62.5,114,78,17,4,3,0,1,1,1,0
29.1,28.1,95,34,64,33.3,5,1,0,0,0,0
481,74.3,184,61,0,1,3,0,0,0,0,0
23.3,79.3,93,57,27,9.6,3,0,0,0,0,0
38.6,50.3,73,61,7,32,3,0,1,0,0,0
1982,51.2,487,63,17,4,3,0,1,1,1,0
371,33,11,24,97,6,5,1,0,0,0,0
17.5,59,54,79,29,40,3,0,0,0,0,0
305,85.2,226,32,5,3,3,0,0,0,0,0
24.1,32.6,58,27,72,37.3,5,1,1,1,0,1
35.4,38.4,48,8,45,18.2,5,1,1,1,0,1
38.5,35.6,40,9,43,30.6,5,1,1,0,0,1
35.6,25.7,90,31,56,46,5,1,0,1,0,0
31.2,56.6,40,80,18,24.6,3,0,0,0,0,0
1187,28.2,442,0,71,1,5,1,0,1,1,0
17.1,86.3,33,57,14,24.4,3,0,0,1,0,0
399,89.8,397,39,8,3,3,0,0,0,0,1
29.7,86.1,95,33,32,49.2,3,0,0,1,0,0
38.4,33.9,95,18,86,19,5,1,0,1,0,0
1536,25.4,119,39,87,4,5,1,1,0,0,1
44.9,85.1,74,49,39,14.6,3,0,0,1,0,0
35.6,58.9,69,37,17,23.5,3,0,0,0,0,0
2078,82.2,46,69,10,3,3,0,1,1,1,0
30,54.2,40,31,7,22.6,3,0,0,1,0,0
21.5,60.6,95,35,3,9.5,3,0,0,1,0,0
31.5,27.9,82,19,42,67.6,5,1,1,1,0,1
31.4,28.5,32,31,82,11.1,5,1,1,1,0,1
1086,38,168,9,74,2,5,1,1,0,0,1
46.6,38.1,46,31,45,25.1,5,1,1,0,0,1
41.9,46.3,83,39,35,36.7,3,0,1,1,0,0
36.8,27.5,39,2,61,29.5,5,1,1,0,0,1
39.2,29.4,87,17,90,21.1,5,1,1,0,0,1
48.4,37.5,63,14,55,41.8,5,1,1,0,1,1
48.2,88.7,94,74,31,11.7,3,0,0,1,0,0
36.5,27.9,40,25,57,40,5,1,1,1,0,1
15,74.5,56,58,15,20,3,0,0,0,0,0
48.7,36.9,46,15,75,12.4,5,1,1,1,1,1
22.6,29.2,52,1,84,18.6,5,1,1,1,0,1
50,33.1,63,3,80,19.7,5,1,0,0,0,0
28.7,46.6,77,58,19,61.8,3,0,0,0,0,0
20.2,57.6,80,42,28,20,3,0,1,1,0,0
1441,58.2,64,74,10,3,3,0,1,0,1,0
30,29.2,80,13,94,15.8,5,1,1,1,0,1
32.5,47.9,40,78,33,16.8,3,0,1,1,0,0
1487,35.6,88,0,41,3,5,1,0,0,1,0
25.2,55.1,63,59,26,20.6,3,0,0,1,0,0
659,28.9,71,27,53,6,5,1,1,1,1,1
25.4,34.4,89,4,93,19.1,5,1,1,0,0,1
39.2,38.8,63,8,59,11.1,5,1,1,1,0,1
44.5,39.6,61,39,90,10.4,5,1,1,1,0,1
16.9,33.5,47,8,57,18.6,5,1,1,0,0,1
28.1,34.1,40,13,70,23.2,5,1,1,0,0,1
2080,39.5,99,11,96,5,5,1,1,1,1,1
32.1,34.9,75,20,91,26.2,5,1,1,1,0,1
680,33.4,196,39,73,5,5,1,1,0,0,1
23.4,57.6,58,67,11,20,3,0,1,1,0,0
32.8,79.8,88,35,17,17.4,3,0,0,0,0,0
25.7,56.1,31,46,18,36.9,3,0,1,1,0,0
2051,27.8,494,17,92,3,5,1,0,0,1,0
42.5,27.7,49,20,77,14.8,5,1,1,1,0,1
34.9,77.1,60,31,9,15.6,3,0,0,0,0,0
17.6,50,62,54,15,20,3,0,0,0,0,0
24.6,73,40,41,36,6.9,3,0,0,0,0,0
493,37.7,116,17,84,1,5,1,1,1,0,1
35.4,39.9,56,17,65,15.1,5,1,1,1,0,1
321,33.6,140,37,49,6,5,1,1,1,1,1
23,29.6,30,7,59,18.5,5,1,1,0,0,1
47.8,26.4,40,36,81,12.5,5,1,1,0,1,1
28.8,29.2,73,40,99,14.5,5,1,1,1,0,1
1603,37.4,246,12,67,3,5,1,1,1,1,1
50,29.7,95,31,93,13.8,5,1,1,1,0,1
2087,36.7,17,22,90,2,5,1,1,1,1,1
398,69,617,33,36,6,3,0,0,0,0,0
31,80.5,92,33,26,40,3,0,0,0,0,0
42.2,35.5,66,32,61,13.9,5,1,1,1,1,1
31.3,86.4,40,78,29,21.1,3,0,0,1,0,0
36.7,39.4,40,26,83,25,5,1,1,1,0,1
31.1,88.9,92,71,26,20.6,3,0,0,1,0,0
852,27.8,790,11,72,5,5,1,1,1,1,1
18.8,39.2,44,17,62,24.8,5,1,1,1,0,1
29.7,38.5,93,15,70,11.4,5,1,0,0,0,0
1500,25.6,523,33,70,2,5,1,1,0,0,1
33.8,81.4,79,68,40,43.5,3,0,0,0,0,0
37.8,33.3,53,30,40,5.5,5,1,1,1,0,1
48.4,33.1,76,27,89,18.4,5,1,1,1,0,1
20,85.4,95,43,20,23.1,3,0,0,1,0,0
313,33.2,126,19,56,4,5,1,1,1,0,1
436,55.2,90,66,6,1,3,0,0,0,0,0
25.2,72.4,87,30,26,15,3,0,0,0,0,0
41.2,27.9,58,8,70,26.7,5,1,1,1,0,1
38.1,38.8,76,32,49,25.9,5,1,0,1,0,0
20,34,95,37,66,80,5,1,1,1,0,1
697,35.9,27,36,71,5,5,1,1,1,1,1
24.6,33.4,30,38,79,58.2,5,1,1,1,0,1
20.1,35.6,34,27,63,20,5,1,0,0,1,0
43.5,82.8,40,44,25,5.8,3,0,0,0,0,0
43.3,27.6,64,7,85,28.8,5,1,1,1,0,1
1651,75.4,181,63,14,1,3,0,1,0,0,0
37.8,37.5,40,26,46,14.5,5,1,1,0,0,1
39.1,84.2,40,56,10,17.6,3,0,0,1,0,0
34.1,51.2,30,48,7,27.5,3,0,1,0,0,0
45.1,77.8,80,47,36,29.1,3,0,1,0,0,0
1962,36.8,47,17,45,6,5,1,0,1,1,0
45.3,36.1,67,30,94,26.2,5,1,0,1,0,0
26.4,74.4,77,54,38,25.9,3,0,1,1,0,0
2172,39.8,66,27,65,6,5,1,1,1,0,1
2263,61.4,156,44,16,1,3,0,1,0,0,0
40.1,33.5,30,9,53,27.2,5,1,1,1,0,1
2226,86.4,677,50,32,3,3,0,0,0,0,0
24.3,59.6,40,73,31,15.6,3,0,1,0,0,0
25,34,30,20,96,20,5,1,0,0,0,0
27.9,36.7,30,26,49,37.3,5,1,1,1,0,1
932,69.1,201,35,6,4,3,0,1,0,1,1
28.2,83.9,95,41,5,17.9,3,0,0,0,0,0
40.1,51.2,71,63,13,25.3,3,0,0,0,0,0
19,37.5,36,24,84,21.7,5,1,1,0,0,1
26.9,45.9,95,53,35,21.2,3,0,1,1,0,0
27.4,54,90,59,29,15.1,3,0,0,0,0,0
378,47.6,226,59,20,3,3,0,1,0,1,1
24.8,36.5,30,22,100,22.1,5,1,1,1,0,1
15.2,53.6,48,71,27,12.3,3,0,0,0,1,0
33.2,75.9,81,71,35,6.3,3,0,0,0,0,0
1488,29.4,1076,7,49,4,5,1,1,0,0,1
30,79.5,63,47,20,30,3,0,0,1,0,0
31.4,53.1,60,37,25,28.2,3,0,0,1,0,0
792,68.2,822,79,27,3,3,0,1,1,0,1
40,36.4,40,1,93,19,5,1,1,1,1,1
26.7,82.9,70,42,27,48,3,0,0,0,0,0
2081,61.7,34,72,16,1,3,0,0,0,1,0
24,57.2,33,49,25,7.5,3,0,0,0,0,0
28.2,67.5,81,66,25,27.7,3,0,0,0,0,0
20,73.3,54,62,10,8.5,3,0,0,0,0,0
50,28.3,56,38,82,53.3,5,1,0,0,0,0
26.9,76.3,67,77,36,20,3,0,0,0,1,0
35.1,45.2,50,47,28,36.4,3,0,0,0,0,0
34.8,40,30,1,45,8.2,5,1,1,1,0,1
2010,60.5,448,57,1,1,3,0,1,1,0,0
2025,55,198,49,29,2,3,0,1,0,0,1
17.7,69.8,54,67,33,21.8,3,0,1,1,0,0
40.1,74.1,94,72,13,6.5,3,0,0,1,0,0
40.5,80.7,79,63,27,29.4,3,0,1,0,0,0
40,82.6,40,68,32,27.8,3,0,1,1,0,0
49.2,80.9,40,54,31,15.4,3,0,1,1,0,0
37.9,38.4,40,35,41,35.4,5,1,1,1,0,1
34.8,28.7,47,33,76,30.6,5,1,1,1,0,1
36.6,26.6,67,18,83,40,5,1,1,0,0,1
21.4,37.9,40,23,57,23.5,5,1,1,0,0,1
27.5,37.8,44,39,92,21.6,5,1,1,0,0,1
2123,29.2,97,5,86,5,5,1,1,1,1,1
1683,35.5,582,8,44,5,5,1,0,1,0,0
915,81.1,102,32,20,5,3,0,0,0,1,0
22.2,34.1,33,1,45,20,5,1,1,0,1,1
44.3,38.9,74,39,60,11.5,5,1,0,1,1,0
474,89.7,500,49,19,1,3,0,0,0,0,1
1904,76.9,52,44,18,4,3,0,1,0,1,1
33.5,38,95,2,52,33.3,5,1,1,0,0,1
50,39.3,82,8,56,5.5,5,1,0,1,0,0
18.3,49.7,34,79,3,14.4,3,0,0,0,0,0
43.7,36.1,95,1,72,9.6,5,1,0,0,0,0
46.5,38.8,86,2,88,13.8,5,1,0,0,0,0
23.9,60,95,78,22,12.5,3,0,0,1,0,0
35.9,34.7,81,29,63,40,5,1,0,0,0,0
28.8,65.2,93,50,4,35.8,3,0,0,0,0,0
545,67.1,245,51,13,3,3,0,0,0,1,0
849,63.4,1279,33,13,2,3,0,1,1,0,0
39.7,36.3,72,8,53,18.6,5,1,1,0,0,1
30.8,27.2,95,25,61,15.4,5,1,1,1,0,1
414,36.7,172,36,84,3,5,1,1,1,0,1
38.8,35.3,68,11,75,44.5,5,1,0,1,0,0
2183,32.4,292,21,90,1,5,1,0,0,0,0
26.3,27.4,40,31,43,12.5,5,1,1,1,0,1
1278,61.8,499,53,37,3,3,0,1,1,0,0
24.3,71.6,40,39,0,16.7,3,0,0,0,0,0
38.2,27.4,72,34,88,14.5,5,1,0,0,0,0
34.3,34.6,88,18,49,21.6,5,1,1,1,1,1
23.6,87.3,30,48,18,11.1,3,0,1,1,0,0
23.8,35.2,55,17,88,73.3,5,1,0,0,0,0
28,37.4,30,28,56,13.8,5,1,0,0,0,0
18,62.3,30,67,32,13.1,3,0,0,0,0,0
43.1,37.1,78,33,76,40.8,5,1,1,1,0,1
1615,39.2,469,18,66,2,5,1,1,0,0,1
1693,33.4,296,33,58,3,5,1,1,1,0,1
31.2,32.8,51,33,82,53.3,5,1,1,0,1,1
22.6,65.7,95,55,21,9.4,3,0,0,0,0,0
34.7,60.3,55,65,15,39.1,3,0,0,1,0,0
35.6,47.2,40,60,1,17,3,0,1,0,0,0
42.1,27.2,74,13,46,12.6,5,1,1,0,0,1
12,46.5,41,70,15,28,3,0,0,0,0,0
35.1,35.4,40,2,90,58,5,1,1,1,0,1
19.6,33.4,55,1,79,16.8,5,1,0,0,0,0
951,37.4,456,35,63,3,5,1,0,0,1,0
20,81.4,95,46,23,12.2,3,0,0,1,0,0
31.9,29,95,15,78,16.7,5,1,0,0,0,0
17.4,86.8,30,43,17,18.4,3,0,0,0,0,0
18.6,28.8,68,31,54,40,5,1,1,0,0,1
18.5,33.9,43,1,66,34,5,1,0,0,1,0
29.2,39.9,69,32,54,17.8,5,1,1,0,0,1
25,38.1,68,9,83,26.2,5,1,0,0,0,0
1519,25.1,246,31,99,1,5,1,1,1,1,1
30.7,34.9,63,2,91,10.2,5,1,0,0,0,0
38.5,79,67,49,17,44,3,0,0,0,1,0
32.6,33.1,53,13,42,30.8,5,1,1,0,0,1
2059,89.2,757,54,36,2,3,0,0,0,0,0
37.1,28.6,49,15,76,17,5,1,1,1,0,1
1625,74.6,220,31,10,4,3,0,1,0,0,0
400,80.2,80,45,36,3,3,0,1,1,0,1
33,26.8,40,28,41,24.3,5,1,0,0,0,0
2241,79.5,395,39,33,5,3,0,1,1,1,0
22.1,77.7,76,38,30,6.8,3,0,0,1,0,0
10,60,30,43,2,20,3,0,1,1,1,0
1144,30.7,47,31,69,1,5,1,1,0,1,1
31.6,36.5,40,31,41,34.3,5,1,1,1,0,1
20,34.6,40,34,84,28.2,5,1,0,1,0,0
13.7,29.6,38,6,46,38.6,5,1,1,1,1,1
39.3,35.1,81,30,49,36,5,1,1,0,0,1
1411,66,306,78,31,4,3,0,1,0,1,0
42.4,75.6,95,34,8,8.9,3,0,0,1,0,0
40.4,26.2,75,8,98,12.5,5,1,1,0,0,1
27.7,73.9,49,68,32,9.5,3,0,0,0,0,0
2424,33.7,873,30,48,5,5,1,0,1,0,0
27.9,28.9,30,4,51,17.9,5,1,0,1,0,0
20.1,29.8,38,31,65,16.8,5,1,0,0,0,0
1325,68,203,75,31,5,3,0,1,0,0,0
46.8,29.4,40,13,69,47.4,5,1,1,0,0,1
876,28.9,51,7,47,5,5,1,0,0,1,0
38.2,32.1,40,35,72,9.5,5,1,1,0,0,1
1516,84.6,185,63,28,5,3,0,1,0,1,0
29.3,31.5,87,22,67,18.2,5,1,0,0,0,0
43.4,27.3,74,15,81,27.4,5,1,1,0,0,1
47.2,26.2,43,37,62,20,5,1,1,1,0,1
1153,52.4,10,48,6,6,3,0,0,0,1,0
39.4,30.1,49,29,57,12,5,1,1,1,1,1
1510,62.9,438,71,6,4,3,0,0,0,0,0
38.6,80.7,46,52,32,14.4,3,0,0,0,0,0
1915,52.3,178,70,7,4,3,0,1,0,0,0
27.8,56.9,66,55,22,18.3,3,0,0,0,0,0
589,63.3,200,52,11,5,3,0,1,1,0,1
20.2,32.7,35,14,93,17.4,5,1,1,0,0,1
835,35.2,1500,15,64,5,5,1,0,1,0,1
40.8,30.9,71,7,75,7.3,5,1,0,1,0,0
40.5,25.4,40,85,96,27.1,5,1,1,1,0,1
834,73.9,86,69,22,4,3,0,0,0,0,0
967,49.2,643,66,14,5,3,0,0,0,0,0
45.2,29.7,40,86,75,24.4,5,1,1,1,0,1
17.8,33.8,30,85,88,15.3,5,1,1,1,0,1
784,25.5,15,80,71,4,5,1,1,1,0,1
14.2,59,30,58,21,40,3,0,0,0,1,0
2196,86.2,365,36,27,2,3,0,1,0,0,0
19.6,61.9,30,30,24,38.3,3,0,0,0,0,0
31.5,58.7,81,38,4,52,3,0,0,0,0,0
20.2,57.4,60,61,21,16.7,3,0,0,0,0,0
1364,29.3,374,84,82,1,5,1,1,0,1,1
24.9,51.9,85,53,29,8.1,3,0,0,1,0,0
382,80.6,242,61,0,5,3,0,1,0,0,0
32.9,27.5,32,93,41,40,5,1,1,1,0,1
36.8,39.1,80,93,63,31.1,5,1,1,1,0,1
399,39.8,557,93,67,2,5,1,1,1,1,1
2115,82.2,532,34,11,5,3,0,0,0,0,0
31.3,28.4,40,87,51,14.9,5,1,1,0,0,1
40.2,39.7,68,81,79,25,5,1,0,0,0,0
32.6,38.8,40,87,41,26.7,5,1,0,0,0,0
35.8,72.3,85,43,34,29.5,3,0,0,0,0,0
20,66.5,80,59,9,21.9,3,0,0,0,0,0
20.3,85.9,67,61,0,25.8,3,0,0,0,0,0
26.1,75.9,87,80,0,18.1,3,0,0,0,0,0
35.7,34.5,71,82,91,38.9,5,1,1,1,0,1
1387,74.4,1173,60,8,3,3,0,0,0,0,0
24.5,64.5,49,55,11,12.9,3,0,0,0,0,0
20.7,73.2,30,62,17,26.7,3,0,0,0,1,0
15.3,28.2,30,91,87,11.5,5,1,1,0,0,1
37.4,37.6,63,87,67,10.8,5,1,1,1,0,1
1162,39.5,270,82,63,2,5,1,1,1,1,1
47.9,30.9,81,82,94,16.8,5,1,1,0,0,1
25.5,52.2,30,49,25,21.3,3,0,0,0,0,0
28.1,59.9,57,51,14,26,3,0,0,0,0,0
24.4,49.7,60,66,19,18.7,3,0,0,0,0,0
41.3,39.9,90,93,100,19.7,5,1,1,1,0,1
1419,34.7,638,88,78,1,5,1,0,0,0,0
46.2,36.7,83,81,80,23.6,5,1,1,1,0,1
16.9,29.8,35,84,77,32,5,1,1,1,0,1
30.4,36.6,54,82,89,11.1,5,1,1,1,0,1
1250,32.7,836,92,45,4,5,1,0,1,0,0
40.7,58.9,83,73,22,7.6,3,0,1,1,0,0
15.6,85.3,55,61,14,13.7,3,0,0,1,0,0
2198,36,68,85,48,1,5,1,1,1,0,1
27.9,25.8,30,93,82,13.3,5,1,1,1,0,1
36.3,73.3,64,34,32,48,3,0,0,1,0,0
21.9,36.7,30,89,73,16.7,5,1,0,0,0,0
28.5,38.2,33,83,100,22.2,5,1,1,0,0,1
37.8,84.9,40,73,9,80,3,0,0,1,0,0
443,27.3,89,88,41,3,5,1,1,1,1,1
13,31,32,80,42,15.3,5,1,0,0,1,0
38.2,28.1,65,87,63,20,5,1,1,0,0,1
20.1,26.2,37,90,62,12.7,5,1,1,1,0,1
15.5,61.7,47,65,6,23.8,3,0,0,1,0,0
28,33.3,66,94,41,30.6,5,1,1,1,0,1
31.8,39.9,73,81,83,62.4,5,1,0,0,0,0
35.7,50.7,95,79,14,22,3,0,0,0,0,0
2412,37.2,613,82,58,4,5,1,0,1,1,0
875,29.7,95,86,73,2,5,1,1,1,0,1
46.6,29.9,56,85,48,32.3,5,1,1,0,0,1
2304,28.8,137,84,45,6,5,1,1,1,1,1
24.7,55.2,30,63,3,45.5,3,0,0,1,0,0
21,25.2,44,93,72,10.7,5,1,1,0,0,1
29.2,34.2,30,91,50,17.6,5,1,1,1,1,1
26.3,65.9,40,32,1,14.3,3,0,1,0,0,0
33.4,37.3,46,80,74,16.4,5,1,1,0,0,1
378,29.1,73,90,90,4,5,1,1,1,0,1
2170,39.5,350,88,53,1,5,1,1,1,1,1
2273,36.4,107,83,85,2,5,1,1,1,1,1
43.8,32.5,30,84,59,13.2,5,1,1,1,0,1
45.4,25.6,50,82,50,49.1,5,1,0,0,0,0
43.3,31.9,92,92,59,30,5,1,0,0,0,0
35.8,38.4,78,82,41,31.7,5,1,1,1,0,1
32.3,29.9,83,87,95,27.9,5,1,1,1,0,1
1465,73.8,1121,79,24,6,3,0,0,0,1,0
40.6,36.8,85,82,52,19,5,1,1,1,0,1
1405,29.3,183,84,91,4,5,1,1,0,1,1
26.1,45.3,79,56,25,36.4,3,0,0,0,0,0
17.6,72.4,78,30,34,21.1,3,0,1,0,0,0
30.9,33.5,40,88,41,21.4,5,1,0,0,0,0
33.7,81.4,76,40,30,22.6,3,0,0,0,0,0
34,56.3,95,80,38,15.2,3,0,1,1,0,0
14.4,88,30,41,14,13.8,3,0,0,0,0,0
1287,39,401,87,62,6,5,1,0,0,1,0
41.2,34,45,88,93,13.5,5,1,1,1,1,1
48.4,33.5,95,83,94,13.2,5,1,1,1,0,1
643,68.7,425,47,36,2,3,0,0,0,0,1
50,31,30,80,74,8.3,5,1,0,1,0,0
48.5,32.3,46,90,88,11.9,5,1,1,1,0,1
1774,25.4,242,81,86,2,5,1,0,0,0,0
41.4,34.4,40,90,76,32.2,5,1,0,0,0,0
38.9,35.6,95,93,86,11.4,5,1,1,0,0,1
26.2,46.6,65,57,37,44,3,0,0,0,0,0
21,39.3,30,93,80,29.3,5,1,1,0,0,1
1142,84.2,224,68,7,1,3,0,1,1,1,0
43.3,30.2,65,92,51,27.3,5,1,1,1,0,1
44.7,28.7,95,81,74,25.5,5,1,1,1,0,1
36,45.2,89,77,32,36.7,3,0,0,0,0,0
39.1,78.9,85,66,7,16.4,3,0,0,0,0,0
31.5,26.4,33,88,96,26.7,5,1,1,0,0,1
28.3,40,94,84,80,45.9,5,1,1,1,0,1
29.2,39.6,52,82,43,38.3,5,1,0,1,0,0
1878,31.3,372,89,90,4,5,1,1,1,1,1
28.1,68.7,64,51,22,13.9,3,0,0,0,0,0
47.7,70.4,65,44,19,20.6,3,0,1,1,0,0
2263,26.5,591,93,92,3,5,1,0,1,0,0
22.9,32.5,30,94,41,18.1,5,1,1,0,0,1
29.7,45.6,71,63,9,28.6,3,0,0,0,1,0
871,26,959,82,76,6,5,1,1,1,0,1
29.2,25.9,77,95,76,19.7,5,1,1,0,0,1
19.7,58.2,30,53,28,28,3,0,1,1,0,0
2096,32.7,257,94,98,4,5,1,0,1,1,0
38.4,75.9,39,55,21,6.8,3,0,1,1,0,0
38.4,77.7,95,43,12,26.8,3,0,1,1,0,0
50,83.9,95,49,17,17.5,3,0,1,1,0,0
1361,37.4,110,81,85,3,5,1,1,1,0,1
1905,74,17,62,27,1,3,0,1,0,0,0
2167,67,71,48,27,6,3,0,1,1,0,0
40.2,58.5,87,60,29,10.8,3,0,0,0,0,0
24.8,67,30,56,33,56,3,0,0,0,0,0
1289,57.3,763,53,12,2,3,0,1,0,0,0
2398,49.3,565,41,36,2,3,0,1,0,0,0
35,45.1,95,75,5,45.3,3,0,0,0,0,0
1886,32.4,88,94,55,2,5,1,1,1,0,1
38.2,30,30,86,42,44,5,1,1,1,1,1
27.9,39.8,30,87,48,5,5,1,0,0,0,0
38.5,34.1,59,85,74,32.6,5,1,1,1,0,1
28.9,28.3,40,87,63,28.3,5,1,0,0,1,0
20.9,75.5,77,62,18,18.1,3,0,0,0,0,0
23.9,57.1,40,32,21,25.6,3,0,0,1,0,0
28.6,52.9,68,78,25,30.4,3,0,0,1,0,0
40.4,29,40,90,56,17.9,5,1,0,0,0,0
24.7,30.7,95,94,90,21.1,5,1,1,1,0,1
30.7,29.4,58,82,60,11.4,5,1,0,0,0,0
42.5,28.9,40,94,75,14.3,5,1,0,0,0,0
16.5,65.7,39,55,23,30,3,0,1,1,0,0
17.6,27.7,30,88,80,28.6,5,1,1,1,0,1
37.1,25.4,91,90,69,80,5,1,1,1,1,1
1949,25.5,459,84,84,4,5,1,1,0,0,1
1650,31,392,95,81,3,5,1,1,1,1,1
31.8,25.9,62,85,71,22.2,5,1,0,1,0,0
31.2,67.6,79,56,38,7,3,0,1,1,0,0
1867,87.8,58,54,36,6,3,0,0,0,1,0
43,27.7,52,89,41,7.1,5,1,1,1,0,1
2369,29.1,79,89,46,2,5,1,1,1,1,1
25.8,66.6,82,47,31,11.1,3,0,0,0,0,0
451,39,82,93,76,2,5,1,0,0,0,0
30,32,53,94,58,5.1,5,1,1,1,0,1
42.7,31,49,92,77,13.2,5,1,1,1,0,1
20,50,30,41,37,29.5,3,0,1,1,0,0
27.7,88,75,47,14,30.8,3,0,0,0,0,0
37.4,37.9,54,89,80,15.4,5,1,1,1,0,1
670,84.2,84,64,12,2,3,0,0,0,0,0
29.9,86,76,36,18,8.5,3,0,0,0,0,0
34.7,27.9,40,92,88,13.3,5,1,1,1,0,1
526,80.6,283,49,35,4,3,0,1,1,0,0
2098,53.6,259,49,17,2,3,0,1,0,1,0
24.4,34.5,30,82,75,23.1,5,1,1,1,0,1
38.8,87.5,33,33,39,23.8,3,0,0,0,0,0
868,86.4,140,62,27,4,3,0,1,1,1,0
23.4,81.1,52,36,13,50,3,0,0,0,0,0
36.2,32.7,94,81,91,48,5,1,1,0,0,1
1614,74.5,450,54,1,6,3,0,0,0,0,0
20.4,27.5,30,92,80,10,5,1,1,1,1,1
1630,36.6,169,92,98,1,5,1,1,1,1,1
38.2,29,83,89,56,8.9,5,1,1,1,0,1
30.8,79,67,31,4,22.2,4,0,1,0,0,0
820,66.9,917,55,4,2,4,0,0,0,0,0
783,63.2,79,52,33,4,4,0,1,1,0,1
20,34.5,93,92,42,8.4,5,1,0,0,0,0
17.9,77.8,30,43,26,8,4,0,0,0,1,0
43.4,47.8,69,43,4,40,4,0,0,0,0,0
30.3,45.3,40,34,12,24.1,4,0,1,1,0,0
37.1,39.4,87,82,96,6,5,1,1,0,0,1
721,48.6,52,70,20,1,4,0,1,0,0,0
43.8,31.8,51,87,74,29.5,5,1,1,1,0,1
612,70.5,64,70,37,3,4,0,1,1,1,0
2370,54.2,419,58,27,4,4,0,1,1,1,0
22.8,68.2,69,33,8,28,4,0,0,0,1,0
26.9,85.5,95,63,13,21.1,4,0,0,0,0,0
28.9,38.2,69,89,97,21.1,5,1,1,1,0,1
1708,54.8,978,34,19,3,4,0,0,0,0,0
25.8,27.5,40,91,80,20,5,1,1,1,0,1
15.9,89.1,68,45,8,20,4,0,0,0,0,0
17.4,26.6,30,83,43,22.9,5,1,1,0,0,1
1532,74.2,547,60,40,2,4,0,0,0,0,0
454,65.6,136,34,14,4,4,0,0,0,0,0
32.2,25.3,43,90,81,41.3,5,1,1,1,0,1
1277,28,338,86,61,2,5,1,1,0,0,1
41.1,33.9,31,83,63,18.8,5,1,1,1,0,1
29.5,36.2,78,92,80,31.8,5,1,1,0,0,1
31.3,27.8,61,83,84,11,5,1,1,1,0,1
799,54.7,1500,51,10,3,4,0,0,0,0,0
37.9,29.9,30,85,61,9.6,5,1,0,0,1,0
20,62.4,50,33,36,15.8,4,0,1,1,0,0
31,38.1,88,87,53,30.8,5,1,0,1,0,0
36.4,45.7,59,42,37,18.5,4,0,0,0,0,0
29.3,32.3,49,86,92,26.2,5,1,0,0,0,0
38.2,36.9,61,85,96,8.8,5,1,1,1,0,1
33.2,35.1,49,94,97,13.5,5,1,1,0,0,1
34.1,86.8,77,48,20,12.3,4,0,0,0,1,0
20,56.7,40,37,23,40,4,0,0,1,0,0
47.9,33.4,35,91,96,12.4,5,1,1,1,0,1
978,74.6,160,79,5,2,4,0,1,1,0,0
1521,33.1,204,87,75,4,5,1,0,1,1,0
15,25.3,32,82,67,37.7,5,1,1,1,1,1
41.7,30.3,95,80,91,25,5,1,1,1,0,1
19.4,32.1,56,82,62,46.7,5,1,1,0,0,1
45.7,26.3,48,83,80,9.1,5,1,1,1,0,1
38.6,75.8,30,47,8,40,4,0,1,1,0,0
1841,66,228,75,10,2,4,0,0,0,1,0
38.2,37.4,40,81,65,11.6,5,1,1,1,0,1
22.2,67.7,31,79,32,18.5,4,0,0,0,0,0
28.2,53.5,40,77,40,10.8,4,0,0,0,0,0
903,36.2,477,85,87,3,5,1,1,1,1,1
27.8,26.5,79,95,82,50.7,5,1,0,1,0,0
11,55.8,63,54,12,10.3,4,0,0,0,1,0
21.5,32,33,91,76,11,5,1,1,0,0,1
813,62.4,131,59,7,3,4,0,1,0,1,1
31.7,30.5,52,92,75,22.2,5,1,1,0,0,1
28.3,78.1,34,75,26,6.7,4,0,1,1,0,0
34.7,38.2,64,91,90,5.6,5,1,0,0,0,0
14.9,61.7,37,47,9,26,4,0,0,0,0,0
31.7,75.6,74,47,13,15.4,4,0,1,1,1,0
31.8,38.6,76,85,67,38.6,5,1,1,1,0,1
35.9,29.5,44,84,48,11.8,5,1,1,0,0,1
937,85.7,291,67,39,2,4,0,1,1,1,0
30.7,28.7,72,92,99,30.8,5,1,0,0,0,0
35.3,27.4,84,82,46,20.5,5,1,1,1,0,1
36.3,31.4,78,90,88,15.2,5,1,1,1,0,1
34,29.2,89,84,59,12.6,5,1,1,1,0,1
33.4,65.2,94,72,29,12.9,4,0,0,0,0,0
2270,54.4,6,64,12,1,4,0,1,0,0,0
29.9,82.8,78,72,15,40,4,0,0,0,0,0
25.2,79,30,48,35,32,4,0,1,1,0,0
17.9,64.4,78,38,40,22.5,4,0,0,0,0,0
852,45.8,261,30,17,3,4,0,0,0,1,0
20.9,33.9,30,86,100,5.5,5,1,0,1,0,0
32.5,37.4,53,82,72,42.1,5,1,0,1,0,0
37,26.6,95,91,72,13.6,5,1,1,1,0,1
1526,87.4,392,70,30,5,4,0,1,1,1,0
16.9,89.9,67,34,6,7.2,4,0,0,0,0,0
616,59.4,679,78,13,3,4,0,0,0,0,0
38.6,29.4,47,89,62,10.3,5,1,1,1,0,1
1599,57.7,61,59,3,6,4,0,1,1,1,0
22.8,57.4,58,66,37,15.4,4,0,0,1,0,0
10.4,53.1,70,75,33,15.2,4,0,0,0,1,0
42.1,33.5,80,94,93,10,5,1,1,1,0,1
36.8,62.8,75,63,31,22.1,4,0,0,0,0,0
2469,31.6,184,91,81,6,5,1,1,1,1,1
1832,29,205,88,82,6,5,1,1,1,0,1
1917,49.3,844,66,2,5,4,0,0,0,0,0
27.7,80.4,90,51,18,13.9,4,0,0,0,0,0
22.7,83.7,91,62,36,24.7,4,0,0,1,0,0
40.1,48.6,81,53,2,47.7,4,0,0,0,0,0
50,54.4,74,80,2,7.9,4,0,1,1,1,0
18.5,72.8,30,34,23,7.8,4,0,0,1,1,0
1156,53.2,104,48,20,5,4,0,1,0,0,0
24.5,39.6,78,86,69,10.3,5,1,1,1,0,1
18.4,46.6,54,79,0,58,4,0,0,0,1,0
44.4,36.5,93,93,89,34.2,5,1,1,1,0,1
1345,89.1,166,70,2,6,4,0,0,0,1,0
38.9,62.4,91,53,23,33.3,4,0,0,0,0,0
624,55.7,28,60,12,1,4,0,0,0,0,0
1091,37.1,91,83,68,1,5,1,1,1,1,1
34.2,85.1,89,34,20,10.7,4,0,0,0,1,0
46.4,30.6,93,85,89,6.7,5,1,1,0,0,1
36.4,68.4,51,31,18,12,4,0,0,0,0,0
35,29.8,34,88,61,13.6,5,1,1,1,1,1
17.4,83.5,30,71,3,32.7,4,0,0,0,0,0
37.1,63.9,94,40,26,36.4,4,0,0,0,0,0
815,58.4,14,53,5,2,4,0,0,0,1,0
36.6,31.9,90,83,93,22.2,5,1,0,0,0,0
40.1,32.1,84,80,81,6.9,5,1,1,1,0,1
20.7,31.6,45,87,98,9.5,5,1,1,1,0,1
13.3,84.4,52,80,14,24,4,0,0,0,0,0
34.1,25.8,40,88,91,10.9,5,1,1,0,0,1
1337,85.9,187,76,35,6,4,0,1,0,1,0
22.2,63.3,40,75,0,36.7,4,0,0,1,0,0
37.3,39.4,67,81,95,25,5,1,0,0,0,0
1469,71.4,271,52,4,2,4,0,0,0,0,0
31.1,67.1,55,43,10,21.2,4,0,0,0,0,0
42.3,27.4,95,87,53,26.7,5,1,1,1,0,1
968,55.8,190,69,38,3,4,0,1,0,0,0
41.4,27.5,40,94,69,15.9,5,1,1,0,0,1
571,60.6,93,49,24,5,4,0,0,0,0,0
2216,32.2,197,90,100,2,5,1,1,1,1,1
593,80.2,326,45,26,6,4,0,1,1,1,0
33.4,26.2,95,89,60,7.7,5,1,1,1,1,1
43.9,36.9,40,93,52,42,5,1,1,1,0,1
322,37,490,92,63,6,5,1,0,1,1,1
20.7,28.5,30,88,46,25.2,5,1,1,0,0,1
825,35.1,301,86,44,5,5,1,1,1,0,1
33.5,56.8,56,57,16,6,4,0,1,1,0,0
36.3,27.3,54,90,66,16.7,5,1,1,0,0,1
39.7,31.2,79,83,50,56,5,1,1,1,0,1
16.5,32,69,92,87,22.7,5,1,0,0,1,0
2406,63,1265,77,11,6,4,0,0,0,0,0
23.5,47.3,95,65,32,12.5,4,0,0,1,1,0
26.6,32.9,94,92,54,43.7,5,1,0,0,0,0
2056,70.1,206,35,40,5,4,0,1,1,0,0
978,87.7,140,77,14,6,4,0,1,1,1,0
36.1,37.8,61,84,71,46,5,1,1,1,0,1
35.8,32.7,95,90,99,40,5,1,1,0,0,1
21.3,31.1,61,85,63,6.9,5,1,1,1,0,1
20,62.6,57,54,19,19,4,0,0,0,0,0
46.6,85.6,60,64,19,40,4,0,0,0,0,0
895,51,148,63,32,5,4,0,0,0,0,0
1920,35.7,161,88,72,1,5,1,1,1,0,1
1893,25.7,13,94,97,4,5,1,1,1,0,1
34.5,83.5,46,39,34,15,4,0,0,0,0,0
36.5,25.8,40,84,86,10.6,5,1,0,1,1,0
27.3,50.8,62,79,22,14.8,4,0,0,0,0,0
35.9,27.6,52,88,95,30.8,5,1,1,1,0,1
37.7,36.9,91,85,83,15.6,5,1,1,1,0,1
24.8,25.1,46,93,46,23.3,5,1,1,0,0,1
25,73.9,40,39,30,23.3,4,0,0,1,0,0
37.6,50,90,65,25,18.3,4,0,0,1,0,0
46.8,69.4,55,32,34,11.5,4,0,0,0,0,0
43.7,40,42,88,67,19.3,5,1,1,0,0,1
35.5,64.2,40,62,8,20,4,0,0,0,0,0
354,67.3,792,40,21,1,4,0,0,0,0,1
37.6,30.4,68,94,59,15.1,5,1,1,0,1,1
18.1,38.1,30,81,86,22.9,5,1,1,0,1,1
26.9,27.6,40,94,82,13.8,5,1,1,1,0,1
1207,25.8,2,90,89,4,5,1,1,1,1,1
982,30.2,693,90,95,4,5,1,1,1,0,1
36.3,46.2,91,39,37,15.5,4,0,0,0,0,0
25.8,39.4,30,83,45,15,5,1,1,1,1,1
36.8,25.6,45,89,50,18.9,5,1,0,1,0,0
26.3,35.3,60,90,82,13.2,5,1,0,1,1,0
37.5,77.8,95,43,35,27.6,4,0,0,0,0,0
36.6,31.2,95,82,48,19,5,1,1,1,0,1
34.3,50.2,62,44,20,17.7,4,0,0,1,0,0
20,66.6,76,66,27,12.5,4,0,0,0,1,0
43.5,28.7,69,90,50,18.3,5,1,1,1,0,1
1509,77.7,269,78,18,2,4,0,1,1,0,0
2080,56,284,64,9,4,4,0,1,1,1,0
30.1,32.9,79,83,81,19.3,5,1,0,0,0,0
2114,27.6,434,91,55,3,5,1,1,1,0,1
12.4,72.3,59,66,6,68,4,0,0,0,0,0
1154,31.5,192,88,91,1,5,1,1,0,0,1
339,64.5,878,37,14,1,4,0,0,0,1,1
1180,34.6,148,87,98,4,5,1,0,1,1,0
1462,32.5,424,86,86,5,5,1,1,1,0,1
20,32.6,58,83,65,9.8,5,1,0,0,0,0
711,39.7,232,81,96,4,5,1,0,0,0,0
41.3,47,66,41,27,13.8,4,0,1,0,0,0
1231,36.7,263,82,60,3,5,1,1,0,1,1
38.6,39.4,68,90,50,34,5,1,1,1,1,1
1749,32.8,255,91,54,3,5,1,1,1,1,1
36.5,34.6,40,82,88,7.4,5,1,1,1,1,1
2166,30.4,204,87,71,3,5,1,1,1,0,1
2030,77.6,267,70,23,1,4,0,0,0,0,0
28.3,39,65,90,97,26.5,5,1,0,0,0,0
39.7,29.4,40,81,92,29.7,5,1,1,0,0,1
21.4,37.3,40,81,83,15.6,5,1,1,1,1,1
20,36,73,95,59,9.6,5,1,0,0,0,0
2412,88.7,12,43,33,3,4,0,1,0,0,1
864,35.3,563,86,72,4,5,1,0,1,0,0
36.1,56.8,74,59,31,56.7,4,0,0,0,0,0
39,39.7,40,88,82,40,5,1,1,1,0,1
34.6,31.5,64,82,89,10.5,5,1,1,1,0,1
34.7,29.1,33,80,47,16.2,5,1,1,0,0,1
399,37,536,93,77,2,5,1,0,0,1,0
36.3,76.6,30,34,25,7.3,4,0,0,0,0,0
28.8,71.1,85,34,12,13.3,4,0,0,1,0,0
33.3,29.5,72,93,98,12.8,5,1,1,1,1,1
39.8,34.5,83,85,75,20,5,1,1,1,0,1
850,33.6,124,90,79,4,5,1,1,0,0,1
26.5,63.2,63,75,34,10.2,4,0,0,1,1,0
28.2,27.4,30,86,87,19.1,5,1,0,0,0,0
20,38.5,85,85,81,35.6,5,1,0,1,0,0
29.3,27.9,81,80,70,58,5,1,0,0,0,0
27.2,63.5,30,78,34,50.8,4,0,0,1,0,0
1810,26,310,84,81,4,5,1,1,1,1,1
23.1,35.4,30,90,74,6.7,5,1,1,1,0,1
14.6,85.3,44,78,23,5.3,4,0,0,0,0,0
29.1,65.6,53,35,38,26.7,4,0,0,0,0,0
22.8,34.1,42,82,86,35.4,5,1,0,1,0,0
43.8,55.5,82,53,3,56,4,0,0,0,0,0
20.8,45.2,30,43,12,34,4,0,0,0,1,0
22.8,85.3,80,73,5,19.3,4,0,0,0,0,0
37.3,29.1,44,87,65,18.9,5,1,1,1,0,1
24.5,27.2,42,90,71,13,5,1,1,0,0,1
35.4,27.9,92,92,86,20.3,5,1,1,1,0,1
27.4,46.9,52,38,11,6.2,4,0,1,0,0,0
16.7,53.4,69,33,16,28,4,0,1,1,1,0
50,60.4,70,39,12,18.5,4,0,0,1,0,0
1931,28.8,154,87,42,6,5,1,1,1,1,1
27,25.7,30,82,53,20,5,1,0,1,0,0
17.5,33.3,38,91,58,8.1,5,1,1,1,0,1
23.8,35.4,48,94,88,12,5,1,0,0,0,0
35.8,32.6,67,86,80,60,5,1,1,1,0,1
39.8,84.2,64,59,27,5,4,0,0,0,1,0
35.9,68.8,62,47,1,30.8,4,0,1,1,0,0
2367,83,82,72,23,3,4,0,1,0,0,0
43.8,37,90,88,92,15.7,5,1,0,1,0,0
48.4,65.1,89,70,36,30.8,4,0,0,0,0,0
41.6,33,94,90,73,16,5,1,1,0,0,1
29.3,46.8,46,47,5,35.3,4,0,0,1,0,0
1018,60.6,305,43,1,4,4,0,1,1,0,0
33,37.8,75,91,72,36.4,5,1,0,0,0,0
38.4,82.2,49,46,11,16.3,4,0,0,0,0,0
37.9,39.8,40,87,86,16,5,1,0,0,0,0
13.3,60.6,59,65,25,19.2,4,0,0,1,1,0
416,71,116,71,24,6,4,0,1,0,1,0
14.8,30.7,30,88,55,11.5,5,1,1,1,0,1
37.6,33.3,54,81,51,19.4,5,1,1,1,0,1
15.5,34.4,31,89,83,16.7,5,1,0,1,1,0
33.1,36.4,60,86,59,34.2,5,1,1,0,0,1
630,45.1,425,59,27,5,4,0,0,0,0,0
1125,57.1,14,59,21,6,4,0,1,1,0,0
37.7,47.4,80,37,28,15.8,4,0,0,0,0,0
2076,25.2,793,81,83,5,5,1,0,0,0,0
29,75,40,63,20,22,4,0,0,0,0,0
302,70.5,513,55,34,5,4,0,0,0,0,1
1007,35.7,377,94,92,6,5,1,0,1,1,0
16.9,34.3,30,88,67,12.9,5,1,0,0,0,0
40.4,87.5,50,72,9,45.7,4,0,0,0,0,0
12.9,47.1,67,60,8,13.7,4,0,0,0,0,0
32,53.6,81,69,22,32.6,4,0,1,1,0,0
38.6,32.6,30,86,79,8.8,5,1,1,0,0,1
20,27.4,71,84,90,12.8,5,1,1,1,0,1
2217,27.9,324,94,53,3,5,1,0,0,0,0
36.6,36.7,40,87,89,6.8,5,1,1,1,0,1
35.5,83.4,58,77,37,8.6,4,0,0,1,1,0
303,26,771,84,59,4,5,1,1,1,1,1
1029,33.8,241,89,96,5,5,1,1,1,0,1
37.3,84.2,95,79,33,67.5,4,0,0,1,0,0
2315,70.8,326,60,38,2,4,0,0,0,0,0
16,81.4,43,73,17,12.5,4,0,0,1,0,0
27.6,75.6,43,52,2,16.5,4,0,1,1,0,0
23,51.6,94,44,39,26.7,4,0,0,0,0,0
43.1,85.9,79,76,16,5.4,4,0,0,1,0,0
36.9,59.5,91,56,18,24.2,4,0,0,0,0,0
34.1,29.1,93,83,56,18.2,5,1,1,1,0,1
26.4,39.9,86,83,86,13.7,5,1,1,1,0,1
21.8,26.2,30,83,93,25.5,5,1,0,0,0,0
39,38.9,43,94,46,26,5,1,1,0,0,1
835,80.8,395,58,34,4,4,0,1,1,0,0
796,64.8,89,38,15,4,4,0,1,0,0,0
29.2,77.3,77,47,2,28.6,4,0,0,0,0,0
20,52.6,95,31,11,31.1,4,0,0,0,0,0
20.4,54.5,49,53,13,36,4,0,0,1,0,0
2328,55.3,2,32,30,6,4,0,0,0,0,0
15,69.8,30,61,19,10,4,0,0,1,0,0
18.3,60.2,64,41,38,23.5,4,0,0,1,0,0
21.4,67.7,73,61,38,20,4,0,0,0,0,0
17.5,73.2,51,44,18,10.4,4,0,0,0,0,0
30,82.4,60,56,2,51.8,4,0,0,0,0,0
32.5,61.8,30,72,3,23,4,0,1,0,0,0
775,31.5,60,83,74,6,5,1,0,0,0,0
34.4,80,41,48,33,28.9,4,0,0,0,0,0
599,70.2,326,78,1,2,4,0,0,0,1,0
35.6,35.5,77,85,60,14.8,5,1,0,0,1,0
44.4,31.8,36,84,87,33.3,5,1,1,1,0,1
30.5,57.3,86,32,14,20.5,4,0,0,0,0,0
37,38.1,89,83,61,28.8,5,1,0,0,0,0
32.3,28,63,88,58,13.3,5,1,1,1,0,1
40.7,30.7,55,82,76,10.4,5,1,0,0,0,0
1063,87.9,39,54,13,1,4,0,1,0,0,0
46.6,47.7,60,49,2,15.9,4,0,1,1,0,0
834,79,60,41,4,1,4,0,0,0,0,0
22.4,36.8,30,87,83,20,5,1,1,1,0,1
50,81.3,47,52,3,33.8,4,0,0,0,0,0
20.7,46.6,30,57,10,34,4,0,0,0,0,0
31.9,28.2,47,85,96,65,5,1,0,0,0,0
2479,81.3,1011,58,8,1,4,0,0,0,0,0
2165,83.4,153,30,28,1,4,0,1,0,0,0
31.3,50.2,30,34,37,15.7,4,0,0,0,1,0
17.5,84.3,65,74,9,20,4,0,0,0,0,0
22.4,58.4,63,49,11,25,4,0,0,0,0,0
36.9,88.9,74,32,23,5,4,0,1,1,1,0
40,48.5,95,45,19,5,4,0,0,0,1,0
31.9,67.3,30,39,35,8.9,4,0,0,0,0,0
733,67.2,170,69,16,4,4,0,1,0,0,0
15.1,34.3,30,92,92,21.1,5,1,0,0,0,0
633,30.5,84,93,65,1,5,1,0,0,0,0
29.7,83.6,71,66,36,8.4,4,0,0,0,0,0
1846,31.5,103,82,89,5,5,1,0,1,0,0
47.7,45.1,88,61,8,25.9,4,0,0,0,0,0
20.7,25.6,40,91,48,18.6,5,1,0,0,0,0
833,79.2,111,69,12,4,4,0,1,1,1,0
31.1,58,69,37,1,51.2,4,0,0,0,0,0
2163,51.6,290,79,10,2,4,0,0,0,0,0
45.1,71.1,74,34,39,22.9,4,0,0,0,0,0
20,45.8,65,63,22,24.5,4,0,0,1,0,0
2414,69.1,504,57,3,2,4,0,0,0,1,1
41.3,39.4,40,86,66,19.1,5,1,1,1,0,1
35,38.7,62,86,98,20,5,1,0,0,1,0
28.4,54.4,52,35,21,37.5,4,0,0,0,0,0
24.4,36.7,68,81,96,20,5,1,0,0,0,0
15.8,26,30,92,41,21.4,5,1,0,0,0,0
20,88.3,87,51,27,15.4,4,0,0,0,0,0
26,35,86,91,42,31.8,5,1,1,1,0,1
34.7,31.9,76,85,83,27.3,5,1,0,1,0,0
38,71.5,40,64,33,10,4,0,0,0,0,0
25,25.1,78,87,51,36.1,5,1,1,1,1,1
21.6,77.9,67,76,12,11.7,4,0,0,0,0,0
35.4,34.3,40,93,55,20.9,5,1,1,0,0,1
17,84.5,37,44,25,32,4,0,0,0,0,0
23.3,30.3,41,91,57,15.3,5,1,1,1,0,1
1538,29.1,193,87,76,4,5,1,1,1,1,1
35.4,60.9,86,78,20,28,4,0,1,0,0,0
18.7,39.3,36,91,65,48,5,1,1,0,1,1
35.3,65.6,40,65,25,36,4,0,1,0,1,0
42.5,31.1,80,81,60,30.9,5,1,0,1,0,0
1547,35.5,818,83,93,2,5,1,1,1,0,1
533,84.1,229,77,37,2,4,0,1,1,0,0
1599,84.3,1330,78,6,5,4,0,1,0,0,0
37.2,32.1,73,83,60,17.2,5,1,0,0,0,0
22.9,79.5,55,76,36,10.4,4,0,0,0,0,0
34.7,25.4,41,86,75,24,5,1,0,0,0,0
25,39,55,85,51,41.4,5,1,0,1,0,0
50,73.8,76,46,29,17.2,4,0,1,1,0,0
27.8,25.8,69,88,76,31.7,5,1,0,0,0,0
25.1,78.9,30,59,38,28,4,0,1,0,1,0
40.2,30.6,40,86,64,11.9,5,1,1,0,0,1
27.9,37.3,40,92,69,29.1,5,1,1,1,0,1
23.6,86.3,40,75,39,30,4,0,1,1,0,0
29.9,27.8,88,92,64,17.4,5,1,0,0,0,0
776,29.7,199,92,72,3,5,1,1,1,1,1
986,28.7,581,88,73,3,5,1,1,0,0,1
32.6,88.9,62,54,14,16,4,0,1,1,0,0
11.9,89.7,30,76,14,19.2,4,0,0,0,0,0
38.3,67,40,63,34,17.5,4,0,0,0,0,0
34.8,31.6,80,91,73,40,5,1,0,1,1,0
32.8,67,87,56,14,13.3,4,0,1,1,0,0
32.6,34.5,30,90,45,40,5,1,0,1,0,0
1848,84,72,72,25,1,4,0,1,1,1,0
25,27.8,30,81,81,20,5,1,1,0,0,1
936,90,479,72,38,1,4,0,1,1,0,0
28,51.9,42,40,27,26.7,4,0,1,0,1,0
38.3,39.9,71,89,74,30,5,1,0,0,1,0
2133,63.7,272,40,37,6,4,0,1,1,1,0
15.9,58.3,40,33,18,14.4,4,0,0,0,1,0
382,30.5,3,85,76,5,5,1,0,0,0,1
25.1,81.7,30,48,33,40,4,0,0,0,1,0
25,50.1,63,36,20,23.4,4,0,0,1,0,0
26.7,33.1,30,84,57,16.2,5,1,1,0,0,1
28.5,56.9,91,47,30,10.1,4,0,0,0,0,0
22.5,69.8,43,74,7,16.2,4,0,0,1,0,0
31,34.8,30,86,64,16.5,5,1,0,1,0,0
25,25.4,71,81,63,30,5,1,0,1,0,0
20,35.9,40,93,62,11.4,5,1,0,1,0,0
22,72.1,32,49,7,50,4,0,0,0,0,0
2485,46.8,16,51,28,2,4,0,0,0,0,0
21,76,57,71,4,20,4,0,0,0,0,0
12,26.5,30,91,79,16.7,5,1,0,0,1,0
28.2,27.5,91,81,94,23.9,5,1,1,0,0,1
34.5,88.1,90,55,31,17.2,4,0,0,0,0,0
381,54.7,39,71,35,3,4,0,1,0,0,1
25.1,53.4,79,40,22,30.6,4,0,1,0,0,0
844,88.7,843,33,31,3,4,0,0,0,0,0
2219,25.5,172,91,72,3,5,1,1,1,1,1
1666,32.3,311,81,44,3,5,1,1,1,1,1
41.8,25.6,40,94,65,9.4,5,1,1,0,1,1
25.4,48.9,95,53,22,32.6,4,0,0,0,0,0
43.3,26.6,40,85,62,23.5,5,1,1,1,0,1
38,31.3,69,92,56,16,5,1,1,0,0,1
2480,47.3,164,32,4,6,4,0,0,0,0,0
33.9,30.5,40,88,61,22.9,5,1,0,1,0,0
375,29.3,426,85,81,1,5,1,1,1,1,1
493,77.5,201,56,18,3,4,0,0,0,0,1
24.2,51.4,49,32,34,17.6,4,0,0,0,0,0
19.7,32.6,38,93,86,34,5,1,1,1,0,1
36.9,34.3,80,88,75,54,5,1,1,0,0,1
21,29.4,72,95,48,10.1,5,1,0,1,1,0
2299,46.3,31,80,6,6,4,0,0,0,0,0
345,71,26,61,2,3,4,0,1,1,1,0
33.3,46.8,30,79,29,18.1,4,0,0,1,0,0
50,40,30,91,45,17.3,5,1,1,0,0,1
35.9,29.1,65,90,71,28.6,5,1,1,0,0,1
39.6,38.8,74,92,91,22.2,5,1,0,0,0,0
35.7,26.2,30,80,43,18.5,5,1,1,0,1,1
27.1,75.1,58,49,9,8.1,4,0,1,1,0,0
18.1,57.1,36,74,23,22,4,0,0,0,1,0
20,73.1,71,70,34,14.9,4,0,0,0,0,0
29.7,82.4,95,42,4,29,4,0,1,1,0,0
25.5,57.6,80,53,13,21.8,4,0,0,0,0,0
19.7,50.5,30,58,1,24.6,4,0,0,0,0,0
10,69.6,42,48,27,40,4,0,0,0,1,0
1112,72.8,627,61,2,3,4,0,1,0,0,0
36.4,36.3,95,85,44,5.1,5,1,0,1,0,0
25.5,26.5,30,82,77,12.2,5,1,1,1,0,1
1414,65.8,419,31,24,2,4,0,0,0,0,0
36.2,83,64,38,0,5,4,0,0,1,0,0
28.1,37.2,40,93,89,14,5,1,1,1,0,1
44.5,78.9,51,67,17,12.3,4,0,0,0,0,0
684,52.6,546,66,12,1,4,0,0,0,0,0
35,37,76,82,92,33.7,5,1,1,1,0,1
31.2,38.6,40,87,97,20,5,1,0,0,0,0
25.4,86.7,89,80,35,16.8,4,0,0,0,0,0
1672,53.4,1,36,9,1,4,0,1,1,0,0
887,37.7,280,94,59,5,5,1,0,0,1,0
36.1,65.9,69,44,2,5,4,0,0,1,0,0
717,25.2,123,90,40,2,5,1,1,1,1,1
1144,72.6,41,38,34,4,4,0,1,0,1,0
45.4,25.1,31,89,41,5.1,5,1,0,0,0,0
29.9,34.8,47,86,99,20.3,5,1,1,1,0,1
24.5,81.4,59,41,28,25.9,4,0,0,0,0,0
39.4,59,40,79,5,33.5,4,0,0,0,0,0
35,27.6,81,88,60,35.8,5,1,0,1,0,0
35.2,27.6,95,90,72,41.7,5,1,1,1,0,1
560,64.2,205,49,37,5,4,0,0,0,0,1
27.3,33.2,44,84,45,28.2,5,1,1,0,0,1
36.8,55.1,41,61,10,5,4,0,1,1,0,0
30.5,47,65,46,35,11.1,4,0,0,0,0,0
1685,32.3,135,92,100,6,5,1,1,1,0,1
1044,32.8,229,83,72,6,5,1,1,1,0,1
44.4,39.4,65,93,73,28.8,5,1,0,1,0,0
1331,72.7,122,77,22,3,4,0,0,0,0,0
25.4,89.7,77,60,23,13.3,4,0,0,0,0,0
26.8,30.7,40,92,69,21.5,5,1,1,1,0,1
20.4,56.6,45,52,35,12.1,4,0,0,0,0,0
38.5,52.7,66,65,23,16.7,4,0,0,0,0,0
24.6,53.6,58,41,37,13,4,0,0,0,0,0
38.4,78.4,95,56,7,20.8,4,0,0,0,0,0
659,61.8,52,47,31,1,4,0,1,0,0,0
30.6,27.4,57,87,44,50,5,1,0,0,0,0
2366,27.3,119,85,91,4,5,1,1,0,0,1
1705,48.7,20,62,33,3,4,0,1,0,0,0
27.7,76.2,30,62,13,15.2,4,0,1,0,0,0
2328,25.2,429,92,92,6,5,1,1,1,1,1
45.6,33.7,40,84,62,33.3,5,1,1,1,0,1
326,26.2,261,86,71,1,5,1,0,0,1,0
34.6,29.9,40,85,71,19.5,5,1,0,0,0,0
593,61.3,27,56,26,3,4,0,1,1,1,1
32.1,29.1,94,90,76,15.4,5,1,1,1,0,1
22.6,66.9,59,36,15,17.8,4,0,0,0,1,0
1800,79.6,218,53,37,1,4,0,1,1,1,0
19,25,30,93,70,40,5,1,1,1,0,1
566,67.4,34,30,22,3,4,0,1,0,0,0
40.3,52.4,40,53,17,9.3,4,0,1,1,1,0
36.8,30.1,40,80,92,12.1,5,1,0,0,0,0
35.9,34.6,85,89,84,31.2,5,1,1,1,0,1
38.9,81.8,78,36,38,47.3,4,0,0,0,0,0
47.7,34,56,91,87,72,5,1,1,1,0,1
35.6,35.8,30,82,89,38.5,5,1,1,1,1,1
36.4,27,40,92,59,29.2,5,1,1,0,1,1
14.7,59.2,30,54,39,23.3,4,0,1,1,0,0
37.5,87.7,94,77,33,6.9,4,0,0,0,0,0
32.3,33.6,76,95,79,29.6,5,1,0,0,0,0
17,34.7,30,88,69,15.6,5,1,0,1,0,0
25.8,60.2,78,43,30,9.8,4,0,0,1,0,0
920,31.7,201,85,70,4,5,1,1,1,0,1
319,33.1,5,82,63,3,5,1,1,1,1,1
31.9,26.9,66,95,77,50.4,5,1,1,0,0,1
27.4,69.5,30,52,1,30,4,0,0,0,0,0
27,60.8,84,41,8,28,4,0,0,0,0,0
36.3,33.7,45,94,78,14.3,5,1,1,0,0,1
42.9,27.9,84,95,83,14.3,5,1,1,0,0,1
50,28.4,95,93,40,12.9,5,1,0,1,0,0
25.2,56.4,38,64,6,16.7,4,0,0,0,0,0
303,28,164,83,55,5,5,1,1,1,0,1
2077,34,11,81,63,5,5,1,1,0,0,1
1468,86.5,302,71,27,3,4,0,0,0,1,0
12.4,29.7,30,80,40,15,5,1,1,0,1,1
22.8,30.5,48,89,84,22.5,5,1,0,1,0,0
30.2,36.2,30,94,57,12.9,5,1,1,0,0,1
38.7,34.7,82,88,94,8.3,5,1,0,0,0,0
28.8,45.6,83,34,8,12.1,4,0,0,0,0,0
45.4,27.7,87,89,57,80,5,1,1,0,0,1
1089,69,59,43,7,5,4,0,1,1,1,0
42.4,28.1,95,88,100,23.7,5,1,1,1,0,1
1991,48.3,24,57,40,6,4,0,0,0,0,0
355,86,90,33,16,4,4,0,1,1,1,1
36.9,29.4,43,88,53,16.3,5,1,0,0,1,0
14.1,33.7,30,80,57,11.9,5,1,1,1,0,1
50,31.6,91,92,88,30.8,5,1,1,0,0,1
38.4,46.9,95,37,32,10.5,4,0,0,0,0,0
472,66.2,44,48,32,4,4,0,0,0,0,1
881,38.2,140,84,83,1,5,1,1,1,0,1
394,27.1,183,86,49,5,5,1,1,0,0,1
28.4,82.2,76,75,10,29.2,4,0,0,0,0,0
25.6,30.1,41,81,45,50,5,1,1,1,1,1
567,34.8,317,89,61,2,5,1,1,1,0,1
2124,39.6,218,81,58,2,5,1,0,0,0,0
19.5,88.4,80,58,3,16.2,4,0,1,0,0,0
405,32.1,51,91,66,2,5,1,1,1,0,1
17.8,35.6,41,90,48,20,5,1,0,0,0,0
23.5,64.4,40,39,40,9.6,4,0,0,0,0,0
25.1,30.9,80,83,61,8.7,5,1,0,0,0,0
29.5,53.7,30,44,25,13.8,4,0,0,0,0,0
30.8,72.5,95,37,15,8.5,4,0,0,0,0,0
25.3,74.8,85,60,2,14.8,4,0,0,0,0,0
34.7,25.5,74,87,48,25.9,5,1,1,0,0,1
32.6,34.3,64,84,67,22.7,5,1,0,1,0,0
37.7,45.9,87,42,36,12,4,0,0,0,0,0
26.2,38.2,30,82,56,38,5,1,1,1,0,1
23.2,50.4,51,69,21,14.5,4,0,0,0,0,0
38.7,36.3,95,85,93,46.2,5,1,1,1,0,1
16.2,37.3,48,92,54,34.5,5,1,0,0,1,0
538,84.7,427,48,34,4,4,0,1,1,1,0
920,52.1,999,74,28,6,4,0,1,0,0,0
1446,83.9,186,72,17,3,4,0,0,0,0,0
1095,39.4,17,80,85,2,5,1,1,0,1,1
31.8,27,65,94,93,65,5,1,1,1,0,1
831,29.7,206,84,96,3,5,1,1,1,0,1
27.7,39.3,95,86,92,17.3,5,1,1,0,0,1
804,61,252,63,0,2,4,0,1,1,1,0
814,31.3,248,81,95,4,5,1,1,1,1,1
34.4,32.4,55,92,89,12.1,5,1,0,1,0,0
25.6,71.7,85,30,7,16.7,4,0,0,0,1,0
45.1,29,40,85,97,26.7,5,1,1,1,0,1
10.4,52.6,30,39,7,17,4,0,0,1,0,0
1545,30.9,509,83,49,3,5,1,0,1,0,0
15,34.6,30,91,45,42,5,1,1,0,1,1
35,28.7,92,83,87,20.9,5,1,1,1,0,1
26.2,29.9,37,85,75,14,5,1,0,0,0,0
700,59.2,72,73,26,2,4,0,1,0,0,0
27,71.4,56,66,8,23,4,0,0,0,0,0
1026,45.2,32,49,19,1,4,0,1,0,0,0
35.9,25.4,95,91,80,18.1,5,1,1,1,0,1
34.6,30.8,42,83,72,9,5,1,1,1,0,1
27.5,81.3,49,71,18,7.9,4,0,0,0,0,0
31.2,82.2,30,67,23,12,4,0,0,0,0,0
20.4,90,65,57,21,42.9,4,0,0,1,0,0
430,89.7,63,70,35,2,4,0,1,0,0,1
34.8,27.1,40,93,82,20,5,1,1,1,1,1
16.3,88.5,43,75,37,18.9,4,0,1,1,0,0
25.6,25.5,46,85,94,66,5,1,1,0,1,1
32.1,36.5,95,87,93,12.5,5,1,0,0,0,0
42.1,30.6,45,84,59,13.6,5,1,1,1,0,1
35.7,47.5,88,77,6,19,4,0,1,1,1,0
39.5,30.1,46,95,93,51.2,5,1,1,1,0,1
24.9,83.7,84,76,22,22,4,0,0,0,0,0
1172,25.5,337,88,79,3,5,1,1,1,1,1
21.1,38.7,40,88,80,52.3,5,1,1,1,0,1
49.2,82.8,50,69,22,5,4,0,0,0,0,0
17.6,31.2,71,86,91,68,5,1,1,0,1,1
1618,34.1,682,94,47,2,5,1,0,1,1,0
14.6,39.4,38,86,66,15,5,1,0,0,0,0
39.6,26.5,64,83,100,14.5,5,1,1,0,0,1
26.3,49.4,95,56,5,24.4,4,0,0,1,0,0
28.3,30,47,86,49,37.5,5,1,1,1,1,1
24.1,36.3,30,90,59,5.3,5,1,0,0,0,0
21.7,67.4,69,31,28,9.6,4,0,0,0,0,0
47.8,36.9,30,92,99,10.5,5,1,1,0,0,1
1143,29.6,76,80,40,1,5,1,0,0,0,0
1868,33.5,1500,88,92,1,5,1,0,0,0,0
635,79.1,255,71,2,1,4,0,0,0,0,0
2096,31.8,49,86,93,1,5,1,1,1,1,1
983,69.9,753,39,23,4,4,0,0,0,0,0
24.7,67.5,46,31,39,17.9,4,0,0,0,0,0
19.4,71.5,30,52,0,11.6,4,0,0,0,0,0
36.7,68.5,61,77,21,7.9,4,0,0,1,0,0
38.8,39.5,57,94,63,14.1,5,1,0,1,0,0
1185,88,233,62,23,5,4,0,1,1,1,0
38,30.7,40,82,92,25.5,5,1,1,0,0,1
34.4,62.4,86,52,18,9.4,4,0,1,1,0,0
45.4,65.2,40,64,27,22.9,4,0,1,1,0,0
21,26.9,30,89,77,28,5,1,0,0,0,0
920,68.8,940,42,7,2,4,0,0,0,0,0
37.9,36.9,80,83,99,12.7,5,1,1,1,0,1
46.2,34.7,59,88,58,10.8,5,1,0,1,0,0
1677,27.1,471,84,53,3,5,1,0,0,0,0
44.4,31.6,45,82,56,8.3,5,1,0,0,1,0
1503,69.9,318,63,25,3,4,0,1,1,1,0
846,25.5,490,92,79,3,5,1,1,1,1,1
1555,36.8,251,93,78,1,5,1,0,0,0,0
36.5,35.2,73,81,69,9.2,5,1,1,1,1,1
24,51.7,89,52,10,13,4,0,0,0,0,0
35.8,31.7,40,92,70,12.2,5,1,1,0,0,1
41.5,72.8,72,46,33,18.9,4,0,0,1,0,0
10,77,30,64,11,20,4,0,1,0,0,0
864,50.7,832,51,22,6,4,0,0,0,0,0
30.4,26.4,40,89,73,32.8,5,1,0,1,1,0
33.7,87.8,87,55,23,20.6,4,0,1,1,0,0
30.8,35.3,95,86,47,12.9,5,1,1,1,0,1
38.7,78.9,84,56,39,35.6,4,0,0,0,1,0
21.3,73.8,80,33,5,17.4,4,0,0,1,0,0
50,54,91,70,1,11.5,4,0,0,0,0,0
36.8,66.2,30,61,17,19,4,0,0,1,1,0
23.3,85.1,30,55,0,22.5,4,0,0,0,0,0
22.8,67.6,40,48,3,9.3,4,0,0,0,0,0
40.2,28.8,85,82,90,22,5,1,0,0,0,0
20,87.8,59,74,31,46.2,4,0,0,0,0,0
33,63.2,75,58,38,12.3,4,0,0,0,0,0
47.1,56.6,86,62,38,15,4,0,0,0,0,0
29.9,51,86,36,35,32.3,4,0,0,0,0,0
38.7,71.2,43,77,24,27.1,4,0,0,1,0,0
34,26.8,41,90,59,13.3,5,1,0,0,0,0
28.9,46.7,62,65,23,26.7,4,0,0,0,0,0
28.2,86.3,59,49,36,12.8,4,0,0,0,0,0
20,63.9,68,54,32,32.3,4,0,0,1,1,0
44.9,39.9,40,84,51,25,5,1,0,0,0,0
1242,26.2,239,85,74,2,5,1,0,1,1,0
31.3,38.1,61,86,60,23.3,5,1,1,0,0,1
28.8,70.9,30,56,19,21.8,4,0,0,0,0,0
38,38.6,59,82,60,15.4,5,1,1,1,0,1
27.8,37,40,89,88,29.7,5,1,1,1,0,1
515,86,248,59,31,3,4,0,1,1,1,1
36.6,55.3,90,60,9,23.6,4,0,0,0,0,0
34.8,60.9,73,51,15,40,4,0,0,0,0,0
40.8,51.3,73,74,2,21.9,4,0,1,1,0,0
35.3,63.6,82,68,15,8,4,0,0,0,0,0
2245,63.3,788,78,33,4,4,0,0,0,0,0
19.1,48.8,30,47,21,15.6,4,0,1,0,0,0
729,30.5,477,85,96,4,1,1,1,1,0,1
975,85.3,687,31,28,1,4,0,1,1,1,0
31.5,60,63,48,14,20.5,4,0,1,1,0,0
